召唤ID,角色备注,角色表现,角色偏色,角色大小缩放,角色特效大小缩放值,角色子弹发射点,角色头部特效播放点,角色身上特效播放点,角色血条长度,角色状态表ID,角色AI表ID,角色技能1,角色技能2,角色技能3,角色技能4,角色技能5,角色技能6,角色技能7,角色技能8,角色技能9,角色技能10,角色技能11,角色技能12,召唤物名字,召唤物描述,种族,职业,性别,攻击方式,召唤物当前等级,角色生命周期,角色阵营,角色身份,角色线路归属,移动方向
300000-399999,策划标注给自己看的无效列,对应骨骼文件名,[r+g+b],,,[x+y],[x+y],[x+y],[哪种血条+X+Y],填的是AIAndStatus.csv中的序号,,,,,,,,,,,,,,语言包ID,语言包ID,1人族2亡灵3自然4其它,1战士2刺客3射手4法师5辅助6卫士,1男2女3中,1近战2远程,0代表发出者的等级,"0永久,正整数代表多少毫秒",1敌人 2盟友 3中立,"2士兵,3召唤物,4怪物",第几号线路,"0自动获取,1→2←"
Call_ID,Null,Role.ClassAnimationName,Role.GRB,Role.ClassScale,Role.ClassEffectScale,"Role.ClassFireOffsetX,Y","Role.ClassHeadOffsetX,Y","Role.ClassHitOffsetX,Y",Role.ClassHPLine,Role.ClassStatusID,Role.ClassAIID,Role.ClassSkill1,Role.ClassSkill2,Role.ClassSkill3,Role.ClassSkill4,Role.ClassSkill5,Role.ClassSkill6,Role.ClassSkill7,Role.ClassSkill8,Role.ClassSkill9,Role.ClassSkill10,Role.ClassSkill11,Role.ClassSkill12,Card_Name,Card_Desc,Card_Race,Card_Vocation,Card_Sex,Card_AttackType,Card_CurrentLevel,Call_RoleLifeTime,Call_RoleType,Call_Type,Call_RoleMoveType,Call_RoleMoveDirection
index,null,int,json,float,float,json,json,json,json,int,int,int,int,int,int,int,int,int,int,int,int,int,int,int,int,int,int,int,int,int,int,int,int,int,int
300000,火龙,1002,[],1.1,1.1,[100+60],[20+100],[20+60],[1+30+900],300000,300000,1004,,,,,,,,,,,,0,0,3,4,3,1,1,3500,3,3,1,0
300001,巨冰,1107,[],1,1,[100+60],[5+340],[20+90],[1+30+3200],300001,300001,1149,,,,,,,,,,,,0,0,4,5,3,1,0,13000,3,3,0,0
300002,影子统领,1205,[],1.2,1,[0+60],[0+205],[20+60],[1+0+175],300002,300002,1211,1212,1213,1214,,,,,,,,,0,0,3,2,3,1,0,0,2,3,0,0
300003,传送门,1305,[],1,1,[100+60],[20+100],[20+60],[1+30+900],300003,300003,1303,1304,1305,,,,,,,,,,0,0,4,1,3,1,0,0,2,3,0,0
300004,艾丽卡小鹿,30302,[],0.8,0.9,[50+80],[20+250],[30+65],[21+15+170],30300,30300,30301,30302,,,,,,,,,,,0,0,3,4,2,2,0,0,2,3,0,0
300005,艾丽卡水元素,30401,[],0.9,1.1,[100+135],[45+300],[40+105],[11+40+235],30400,30400,30401,30404,,,,,,,,,,,0,0,3,3,3,2,0,0,2,3,0,0
300006,艾丽卡大树,30902,[],1.5,1.1,[0+70],[0+190],[0+70],[3+0+370],30900,30900,30903,30904,,,30901,30902,,,,,,,0,0,3,5,3,1,0,0,2,3,0,0
300007,艾丽卡熊,1305,[],1,1,[0+160],[0+348],[30+120],[2+0+300],300007,300007,1321,1322,1323,,,,,,,,,,0,0,3,1,3,1,0,30000,2,3,0,0
300008,艾丽卡熊前身,1305,[],1,1,[0+160],[0+348],[30+120],[2+0+900],300008,300008,,,,,,,,,,,,,0,0,3,1,3,1,0,5000,2,3,0,0
300009,新手引导关大熊,1305,[],1,1,[0+160],[0+348],[30+120],[2+0+300],300009,300009,1321,1322,1323,,,,,,,,,,0,0,3,1,3,1,0,0,2,3,0,0
300010,新手引导关妮莎,19000,[],0.55,0.6,[0+160],[0+348],[30+120],[2+0+1000],19000,19000,,,,,,,,,,,,,0,0,3,1,3,1,0,0,2,3,0,0
300011,影刺客,1205,[],1.1,1,[0+60],[0+205],[20+60],[1+0+175],300011,300011,1211,1212,1213,1214,,,,,,,,,0,0,3,1,3,1,0,0,2,3,0,0
,,,,,,,,,,,,,,,,,,,,,,,,,,,,,,,,,,,
301001,骷髅战士,40002,[],0.9,0.65,[0+70],[20+235],[20+70],[1+20+180],301001,301001,40002,40001,40000,,,,,,,,,,0,0,2,1,3,1,0,0,2,3,1,0
301002,骷髅战士,40001,[],0.9,0.65,[0+70],[20+235],[20+70],[1+20+180],301001,301001,40002,40001,40000,,,,,,,,,,0,0,2,1,3,1,0,0,2,3,1,0
301003,二星骷髅射手,40201,[],1,0.7,[70+80],[10+210],[0+70],[1+10+180],301003,301003,40202,,,,,,,,,,,,0,0,2,3,3,2,0,0,2,3,1,0
301004,二星巫妖,40801,[],1,0.8,[40+140],[20+290],[10+110],[11+20+250],301004,301004,,,,,,,,,,,,,0,0,2,4,2,2,0,0,2,3,1,0
301005,三星骷髅将军,40002,[],2.2,0.9,[0+70],[10+210],[0+30],[3+20+380],301005,301005,40000,40001,,,,,,,,,,,0,0,2,1,3,1,0,0,2,3,1,0
301006,盗墓老大召唤幽灵,40302,[],1,0.65,[0+70],[10+210],[10+80],[1+10+180],301006,301006,40301,40300,,,,,,,,,,,0,0,2,2,2,1,0,0,2,3,1,0
301007,天降骷髅,40000,[],0.9,0.65,[0+70],[20+235],[20+70],[1+20+180],301007,301007,40002,40001,,,,,,,,,,,0,0,2,1,3,1,0,0,2,3,-2,0
301008,骷髅战士1,340099,[],0.9,0.65,[0+70],[20+235],[20+70],[1+20+900],301008,301008,40002,40001,,,,,,,,,,,0,0,2,1,3,1,0,0,2,3,0,0
301009,亡灵大军,40102,[],1,0.8,[0+80],[20+225],[20+80],[1+20+200],301009,301009,40101,,,,,,,,,,,,0,0,2,1,1,1,0,0,2,3,1,0
301010,传送门,30302,[],1,0.6,[80+90],[10+210],[0+80],[13+0+230],301010,301010,,,,,,,,,,,,,0,0,4,1,3,1,0,0,1,3,0,0
301011,1星小鹿,30302,[],0.8,0.9,[50+80],[20+250],[30+65],[21+15+170],30300,30300,30301,30302,,,,,,,,,,,0,0,3,4,2,2,0,0,1,3,0,0
301012,小蜘蛛卵,21400,[],0.8,0.7,[0+30],[0+90],[0+30],[1+5+900],301012,301012,,,,,,,,,,,,,0,0,3,5,3,1,1,0,2,3,2,0
301013,蓝蜘蛛卵,21401,[],1,0.9,[0+30],[0+90],[0+30],[1+5+900],301013,301013,,,,,,,,,,,,,0,0,3,5,3,1,1,0,2,3,2,0
301014,红蜘蛛卵,21402,[],1,0.9,[0+30],[0+90],[0+30],[1+5+900],301014,301014,,,,,,,,,,,,,0,0,3,5,3,1,1,0,2,3,2,0
301015,小蜘蛛,21700,[],0.8,0.7,[0+30],[0+130],[0+30],[1+5+70],301015,301015,102508,,,,,,,,,,,,0,0,3,2,3,1,1,0,2,3,2,0
301016,蓝蜘蛛,21800,[],1,0.9,[0+30],[0+110],[0+30],[1+5+70],301016,301016,102509,,,,,,,,,,,,0,0,3,2,3,1,1,0,2,3,2,0
301017,红蜘蛛,21900,[],1,0.9,[0+30],[0+110],[0+30],[1+5+70],301017,301017,102510,,,,,,,,,,,,0,0,3,2,3,1,1,0,2,3,2,0
,,,,,,,,,,,,,,,,,,,,,,,,,,,,,,,,,,,
301101,机关铁匠,310499,[],1,1,[100+60],[20+100],[20+60],[1+30+900],301101,301101,103402,103403,,,,,,,,,,,0,0,4,1,3,1,0,0,2,3,0,0
301102,盾妹1,12000,[],1,0.7,[0+70],[10+220],[-10+75],[1+10+190],12000,12000,12000,12003,12001,12002,,,,,,,,,0,0,1,1,2,1,0,0,2,3,0,0
301103,盾妹2,12000,[],1,0.7,[0+70],[10+220],[-10+75],[1+10+190],12000,12000,12000,12003,12001,12002,,,,,,,,,0,0,1,1,2,1,0,0,2,3,1,0
301104,盾妹3,12000,[],1,0.7,[0+70],[10+220],[-10+75],[1+10+190],12000,12000,12000,12003,12001,12002,,,,,,,,,0,0,1,1,2,1,0,0,2,3,2,0
301105,骷髅放大器,410100,[],1.2,0.72,[100+60],[-15+212],[20+60],[1+30+900],301105,301105,104303,104304,,,,,,,,,,,0,0,4,1,3,1,0,0,1,3,0,0
301107,守护骑士,11000,[],1.2,1.1,[0+40],[10+230],[20+100],[1+10+290],301107,301107,11000,,,,,,,,,,,,0,0,1,1,1,1,0,0,2,3,0,0
,,,,,,,,,,,,,,,,,,,,,,,,,,,,,,,,,,,
300201,分裂中级水元素Lv1,30400,[],0.7,1.1,[100+135],[45+300],[40+105],[11+40+235],300201,300201,30401,30404,,,,,,,,,,,0,0,3,4,3,2,0,0,2,3,1,0
300202,召唤小树,30900,[],1.5,0.65,[0+70],[10+110],[0+40],[1+10+225],300202,300202,30901,30902,,,,,,,,,,,0,0,3,1,3,1,0,0,2,3,1,0
300203,分裂中级火元素,31101,[],0.7,1.1,[100+135],[45+300],[40+105],[11+40+235],300203,300203,31102,,,,,,,,,,,,0,0,3,6,3,2,0,0,2,3,1,0
300204,召唤小精灵,30000,[],1,0.6,[80+90],[10+210],[0+80],[1+-10+180],30000,30000,30001,30002,,,,,,,,,,,0,0,3,5,3,5,0,0,2,3,1,0
300301,5S毒雾――僵尸召唤,40102,[],1,0.8,[0+80],[20+225],[20+80],[1+20+-810],300301,300301,40714,40607,40112,,,,,,,,,,0,0,4,5,3,1,0,5500,2,3,5,0
300302,骷髅战士―诅咒触发,40002,[],0.9,0.65,[0+70],[20+235],[20+70],[1+20+180],300302,300302,40002,40000,40001,,,,,,,,,,0,0,2,1,3,1,0,0,1,3,1,0
300303,骷髅战士―召唤师召唤,40002,[],0.9,0.65,[0+70],[20+235],[20+70],[1+20+180],300302,300302,40002,40000,40001,,,,,,,,,,0,0,2,1,3,1,0,0,2,3,1,0
300304,5S毒雾――黑寡妇召唤,41000,[],1,0.8,[0+80],[20+225],[20+80],[1+20+-810],300301,300301,40714,40607,40112,,,,,,,,,,0,0,4,5,3,1,0,5500,2,3,5,0
,,,,,,,,,,,,,,,,,,,,,,,,,,,,,,,,,,,
301201,301传送门,449,[],1,1,[0+150],[0+280],[0+150],[11+0+300],301201,301201,105111,105112,105113,105114,,,,,,,,,0,0,3,1,3,1,0,89500,2,3,0,0
301202,301火元素（第3章第1关）,31100,[],1,1,[100+135],[45+300],[40+105],[1+40+260],31100,31100,31102,31101,,,,,,,,,,,0,0,3,6,3,1,0,0,2,3,0,0
301203,301火元素（第3章第1关）,31100,[],1,1,[100+135],[45+300],[40+105],[1+40+260],31100,31100,31102,31101,,,,,,,,,,,0,0,3,6,3,1,0,0,2,3,0,0
301204,301森巨人（第3章第1关）,30902,[],1.4,1.1,[0+70],[0+190],[0+90],[3+50+400],30900,30900,30903,30904,30905,,30901,30902,,,,,,,0,0,3,5,3,1,0,0,2,3,0,0
301205,301海巨人（第3章第1关）,60101,[],1.1,1.3,[0+125],[30+390],[25+105],[3+30+390],30800,30800,30801,30800,30802,,,,,,,,,,0,0,3,1,3,1,0,0,2,3,0,0
301206,302嗜血狼群传送门,449,[],1,1,[0+150],[0+280],[0+150],[1+0+300],301206,301206,105304,,,,,,,,,,,,0,0,3,1,3,1,0,70000,2,3,0,0
301207,302嗜血狼群,21300,[0.09+0.04+0],1,0.8,[0+40],[0+160],[-55+55],[1+0+120],301207,301207,21301,21302,,,,,,,,,,,0,0,3,1,3,1,1,0,2,3,0,0
301208,307地狱裂痕,100701,[],0.6,1,[0+150],[0+280],[0+150],[1+0+900],301208,301208,105702,105703,105704,105705,105706,105707,105708,,,,,,0,0,2,5,3,1,0,0,2,3,0,0
301209,310黑暗深渊,40102,[],1,1,[0+150],[0+280],[0+150],[1+0+900],301209,301209,106004,106005,106006,106007,106008,106009,,,,,,,0,0,2,5,3,1,0,0,2,3,0,0
301210,311黑暗深渊己方单位死亡召唤的僵尸,40102,[],0.9,0.85,[0+80],[20+210],[20+80],[1+20+-820],301210,301210,40110,40112,,,40110,40101,40111,,,,,,0,0,2,6,1,1,0,0,2,3,1,0
301211,311黑暗深渊敌方单位死亡召唤的僵尸,40102,[],1,0.8,[0+80],[20+220],[20+80],[1+20+-820],301210,301210,40110,40112,,,40110,40101,40111,,,,,,0,0,2,6,1,1,0,0,1,3,1,0
301212,313嗜血之池,100701,[0.4+-0.2+0],0.7,1,[0+150],[0+280],[0+150],[1+0+900],301212,301212,,,,,,,,,,,,,0,0,2,5,3,1,0,0,2,3,0,0
301213,313分裂红色小水元素,30400,[0.4+-0.2+0],0.5,1,[100+110],[30+250],[20+100],[11+15+100],301213,301213,106303,,,,,,,,,,,,0,0,3,4,3,2,0,0,2,3,1,0
301214,314红水元素,30400,[0.4+-0.2+0],0.9,1,[100+115],[45+265],[38+80],[31+35+200],301214,301214,106302,106303,106304,,,,,,,,,,0,0,3,4,3,2,3,0,2,3,0,0
301215,315生命之藤,106804,[],1,1,[0+40],[0+220],[0+100],[2+0+200],301215,301215,,,,,,,,,,,,,0,0,3,5,3,1,0,0,1,3,2,0
301216,315魔化之藤,106804,[0.6+-0.1+0],1,1,[0+40],[0+220],[0+100],[2+0+200],301216,301216,,,,,,,,,,,,,0,0,3,5,3,1,0,0,1,3,2,0
301217,僵尸,40102,[],1,0.8,[0+80],[20+225],[20+80],[1+20+-810],301217,301217,40000,40001,106003,106002,106012,40111,0,0,,,,,0,0,2,1,1,1,0,0,1,3,1,0
,,,,,,,,,,,,,,,,,,,,,,,,,,,,,,,,,,,
301301,404关召唤狼人（牢笼中）,20010,[],0.9,0.85,[0+2000],[0+2000],[10+2000],[32+0+2000],301301,301301,,,,,,,,,,,,,0,0,3,1,1,1,0,0,2,3,-1,2
301302,404关召唤牛头人（牢笼中）,20508,[],0.9,0.85,[0+2000],[0+2000],[-20+400],[32+0+2000],301302,301302,107215,,,,,,,,,,,,0,0,3,1,2,1,0,0,2,3,-1,2
301303,404关召唤小鹿（牢笼中）,30312,[],0.9,0.85,[0+2000],[0+2000],[10+2000],[32+0+2000],301303,301303,,,,,,,,,,,,,0,0,3,4,2,2,0,0,2,3,-1,2
301304,404关召唤狼人（战斗状态）,20000,[],1,0.8,[0+100],[40+250],[35+75],[21+40+220],301304,301304,20001,20002,20003,,,,,,,,,,0,0,3,1,1,1,0,0,2,3,0,0
301305,404关召唤牛头人（战斗状态）,20500,[],1,0.8,[0+80],[30+270],[20+110],[21+30+240],301305,301305,20501,20502,20503,20504,20505,,,,,,,,0,0,3,6,2,1,0,0,2,3,0,0
301306,404关召唤小鹿（战斗状态）,30302,[],1,0.7,[0+60],[10+220],[38+70],[31+15+200],301306,301306,30301,30302,30303,,,,,,,,,,0,0,3,4,2,2,0,0,2,3,0,0
301307,404关传送门,449,[],1.2,1,[100+60],[0+240],[0+150],[1+0+1000],301307,301307,,,,,,,,,,,,,0,0,4,5,3,1,1,0,2,3,0,0
301308,405-406关召唤牢笼,20508,[],0.9,0.85,[0+2000],[0+2000],[-20+400],[3+-20+450],301308,301308,107215,,,,,,,,,,,,0,0,3,1,2,1,0,0,2,3,-1,2
301309,404关召唤牢笼,20508,[],0.9,0.85,[0+2000],[0+2000],[-20+400],[32+0+2000],301309,301309,107215,,,,,,,,,,,,0,0,3,1,2,1,0,0,2,3,-1,2
301310,407关BOSS召唤艾丽卡熊,1305,[],1,1,[0+160],[0+348],[30+120],[2+0+300],301310,301310,1321,1322,1323,,,,,,,,,,0,0,3,1,3,1,0,30000,1,3,1,0
301311,409幽灵,40302,[],1,0.65,[0+70],[10+210],[10+80],[1+10+180],301311,301311,40301,,,,,,,,,,,,0,0,2,2,2,1,0,0,2,3,1,0
301312,415关召唤僵尸,40102,[],1,0.8,[0+80],[20+220],[20+80],[1+20+190],301312,301312,40101,40110,40111,40112,,,,0,,,,,0,0,2,1,3,1,1,0,2,3,1,0
301314,召唤雪女,40502,[],1,0.7,[30+100],[10+230],[0+70],[11+10+190],40500,40500,40500,40510,,,40501,,,,,,,,0,0,2,4,2,2,0,0,2,3,-1,0
301315,召唤巫妖,40802,[],1,0.8,[40+140],[20+290],[10+110],[11+20+250],40800,40800,40800,40812,,,,,,,,,,,0,0,2,4,2,2,0,0,2,3,-1,0
301316,召唤吸血鬼,40902,[],1,0.7,[0+90],[0+240],[0+80],[1+0+200],40900,40900,40902,40903,40907,,40901,,,,,,,,0,0,2,1,2,1,0,0,2,3,-1,0
301317,牢笼石柱,410100,[],1,1,[0+290],[0+290],[0+60],[13+0+380],301317,301317,107216,,,,,,,,,,,,0,0,4,5,3,1,0,0,2,3,0,0
,,,,,,,,,,,,,,,,,,,,,,,,,,,,,,,,,,,
301401,501关召唤投石车,20901,[],0.8,1,[0+350],[-105+265],[-115+100],[21+-85+180],301401,301401,108707,108708,,,,,,,,,,,0,0,3,3,3,2,0,0,2,3,1,0
301402,501关召唤栅栏,409800,[],0.7,0.7,[0+0],[20+300],[20+130],[1+20+200],301402,301402,,,,,,,,,,,,,0,0,3,3,3,1,0,0,2,3,2,0
301403,504关召唤小石头人,60001,[],0.6,0.6,[110+250],[0+650],[0+250],[2+0+210],301403,301403,109008,109009,106906,109010,,,,,,,,,0,0,3,6,3,1,0,0,2,3,1,0
301404,510关召唤陷阱1,40802,[],0.6,0.6,[110+140],[0+370],[0+100],[0+0+2000],301404,301404,109606,109610,109601,,,,,,,,,,0,0,2,4,2,2,0,30000,2,3,0,0
301405,510关召唤陷阱2,40802,[],0.6,0.6,[110+140],[0+370],[0+100],[0+0+2000],301405,301405,109607,109610,109601,,,,,,,,,,0,0,2,4,2,1,0,30000,2,3,0,0
301406,515关传送门,449,[],1,1,[100+60],[0+240],[0+150],[1+0+1000],301406,301406,,,,,,,,,,,,,0,0,4,1,3,1,1,0,2,3,1,0
301407,515关召唤僵尸,40102,[],1,0.8,[0+80],[20+220],[20+80],[1+20+190],301407,301407,40101,40110,40112,40111,,,,,,,,,0,0,2,6,3,1,1,0,2,3,1,0
301408,515关召唤幽灵,40302,[],1,0.65,[0+70],[10+210],[10+80],[1+10+180],301006,301408,40300,40301,,,,,,,,,,,0,0,2,2,2,1,1,0,2,3,1,0
301409,515关召唤雪女,40502,[],1,0.7,[30+100],[10+230],[0+70],[11+10+190],301409,301409,40500,40501,40510,,,,,,,,,,0,0,2,4,3,2,1,0,2,3,1,0
301410,515关召唤屠夫,40602,[],1,1,[0+80],[25+280],[25+85],[1+25+240],301410,301410,40600,40601,40603,40607,,,,,,,,,0,0,2,1,1,1,1,0,2,3,1,0
301411,515关召唤巫妖,40802,[],1,0.8,[40+140],[20+290],[10+110],[11+20+250],301411,301411,40800,40812,,,,,,,,,,,0,0,2,4,2,2,1,0,2,3,1,0
301412,515关血剑召唤幽灵,40302,[],1,0.65,[0+70],[10+210],[10+80],[1+10+180],301006,301408,40300,40301,,,,,,,,,,,0,0,2,2,2,1,1,0,1,3,1,0
301413,515关血剑召唤雪女,40502,[],1,0.7,[30+100],[10+230],[0+70],[11+10+190],301409,301409,40500,40501,40510,,,,,,,,,,0,0,2,4,3,2,1,0,1,3,1,0
301414,515关血剑召唤屠夫,40602,[],1,1,[0+80],[25+280],[25+85],[1+25+240],301410,301410,40600,40601,40603,40607,,,,,,,,,0,0,2,1,1,1,1,0,1,3,1,0
,,,,,,,,,,,,,,,,,,,,,,,,,,,,,,,,,,,
301501,601召唤水晶1（己方：精灵弓箭手；敌方：火枪手）,321000,[],1,1,[100+60],[0+270],[0+90],[1+0+230],301501,301501,110551,110552,,,,,,,,,,,0,0,4,5,3,1,0,0,2,3,0,0
301502,602召唤水晶2（己方：夜刃；敌方：盗贼）,321000,[],1,1,[100+60],[0+270],[0+90],[1+0+230],301502,301502,110554,110555,,,,,,,,,,,0,0,4,5,3,1,0,0,2,3,0,0
301503,604召唤水晶3（己方：牛头人；敌方：维京人）,321000,[],1,1,[100+60],[0+270],[0+90],[1+0+230],301503,301503,110557,110558,,,,,,,,,,,0,0,4,5,3,1,0,0,2,3,0,0
301504,605防御塔（己方）,321100,[],1,0.65,[40+90],[0+270],[0+80],[23+0+230],301504,301504,110851,110852,110854,,,,,,,,,,0,0,4,3,3,2,0,0,2,2,1,0
301506,605防御塔（对方）,321100,[],1,0.65,[40+90],[0+270],[0+80],[23+0+230],301504,301504,110851,110852,110854,,,,,,,,,,0,0,4,3,3,2,0,0,1,2,1,0
301508,607盾妹1,12000,[],1,0.7,[0+70],[10+220],[-10+75],[1+10+190],12000,12000,12000,12003,12001,12002,,,,,,,,,0,0,1,1,2,1,0,0,2,3,0,0
301509,607盾妹2,12000,[],1,0.7,[0+70],[10+220],[-10+75],[1+10+190],12000,12000,12000,12003,12001,12002,,,,,,,,,0,0,1,1,2,1,0,0,2,3,1,0
301510,607盾妹3,12000,[],1,0.7,[0+70],[10+220],[-10+75],[1+10+190],12000,12000,12000,12003,12001,12002,,,,,,,,,0,0,1,1,2,1,0,0,2,3,2,0
301511,609巨冰,1107,[],1,1,[100+60],[5+340],[20+90],[1+30+3200],301511,301511,111652,,,,,,,,,,,,0,0,4,5,3,1,0,13000,3,3,0,0
301512,610传送门7黑化冰法,1305,[],1,1,[100+60],[0+240],[0+150],[1+0+900],301512,301512,111665,111666,,,,,,,,,,,0,0,4,1,3,1,0,0,2,3,1,0
301513,610血泉石像4（血泉）,450100,[],1,1,[100+60],[0+170],[0+60],[1+0+380],301513,301513,111671,,,,,,,,,,,,0,0,4,5,3,1,0,0,1,3,0,0
301515,612二星骷髅战士(敌方),40001,[],0.9,0.65,[0+70],[20+235],[20+70],[1+20+180],40000,40000,40002,40000,40001,,,,,,,,,,0,0,2,1,3,1,0,0,1,3,1,0
301516,612三星骷髅将军,40002,[],2.2,0.9,[0+70],[10+210],[0+30],[3+20+380],40000,40000,40002,40000,40001,,,,,,,,,,0,0,2,1,3,1,0,0,2,3,1,0
301517,612骷髅战士,40002,[],0.9,0.65,[0+70],[20+235],[20+70],[1+20+180],40000,40000,40002,40000,40001,,,,,,,,,,0,0,2,1,3,1,0,0,2,3,1,0
301519,612骷髅战士,40001,[],0.9,0.65,[0+70],[20+235],[20+70],[1+20+180],40000,40000,40002,40000,40001,,,,,,,,,,0,0,2,1,3,1,0,0,2,3,1,0
301520,612二星骷髅射手,40201,[],1,0.7,[70+80],[10+210],[0+70],[1+10+180],40200,40200,40202,40200,40205,,,,,,,,,,0,0,2,3,3,2,0,0,2,3,1,0
301524,boss1-骷髅长老,40402,[],1,1,[80+80],[20+277],[20+80],[13+20+220],301524,301524,111701,111702,111705,,,,,,,,,,0,0,2,4,1,1,0,0,2,2,1,0
301525,boss2-死亡骑士,40702,[],1,0.9,[0+115],[30+314],[25+115],[13+30+260],301525,301525,111800,111801,111802,111803,,,,,,,,,0,0,2,5,1,1,0,0,2,2,1,0
301526,boss3-魔蛛,100051,[],1.2,1,[50+60],[0+270],[0+60],[3+0+260],301526,301526,102507,102511,102561,,,,,,,,,,0,0,3,5,3,1,0,0,2,2,0,0
301527,boss4-骨龙,108601,[],1,1,[0+130],[0+300],[0+155],[33+0+350],108300,108300,108301,108302,108303,108304,108305,108306,108307,108101,108102,,,,0,0,3,4,3,2,0,0,2,2,1,0
301528,601-3星精灵弓箭手,30101,[],1,0.6,[80+90],[10+210],[0+80],[21+10+180],30100,30100,30105,30102,30101,30107,,,,,,,,,0,0,3,3,2,2,0,0,1,2,1,0
301529,601-3星矮人火枪手,10201,[],0.9,0.7,[110+60],[20+180],[20+70],[1+20+140],10200,10200,10201,10004,10200,10005,10006,,,,,,,,0,0,1,3,1,2,0,0,2,2,1,0
301530,602-1星夜刃,30500,[],1,0.6,[0+80],[20+200],[20+60],[21+20+170],30500,30500,30501,30506,30505,,,,,,,,,,0,0,3,2,2,1,0,0,1,2,1,0
301531,602-1星盗贼,10300,[],1,0.6,[0+65],[0+200],[0+80],[1+0+170],10300,10300,10304,10305,10301,10302,10303,,,,,,,,0,0,1,2,2,1,0,0,2,2,1,0
301532,603-1星牛头人,20500,[],1,0.8,[0+80],[30+270],[20+110],[21+30+240],20500,20500,20501,20502,20503,20504,20505,,,,,,,,0,0,3,1,2,1,0,0,1,2,1,0
301533,603-1星维京人,10600,[],1,1,[0+90],[25+305],[20+120],[2+20+270],10600,10600,10602,10604,10601,,,,,,,,,,0,0,1,1,1,1,0,0,2,2,1,0
301534,610传送怪物-水人,30401,[],0.9,1.1,[100+135],[45+300],[40+105],[11+40+235],30400,30400,30401,30404,,,,,,,,,,,,,3,4,3,2,0,0,2,2,1,0
301535,610传送怪物-嗜血狼人,20002,[],1,0.8,[0+100],[40+250],[35+75],[21+40+220],20000,20000,20001,20002,20003,,,,,,,,,,,,3,1,3,1,0,0,2,2,1,0
,,,,,,,,,,,,,,,,,,,,,,,,,,,,,,,,,,,
301601,702关星死灵召唤师,40402,[],0.8,1,[40+90],[30+270],[30+75],[11+24+180],301601,301601,112203,112204,112205,112206,112207,112208,112202,112212,112210,112211,,,0,0,2,4,1,2,0,0,1,2,1,0
301602,702骷髅战士,40001,[],0.9,0.65,[0+70],[20+235],[20+70],[1+20+180],300302,300302,40002,40000,40001,,,,,,,,,,0,0,2,1,3,1,0,0,1,3,1,0
301603,702骷髅射手,40201,[],1,0.7,[70+80],[10+210],[0+70],[1+10+180],40201,40200,40202,40200,40205,,,,,,,,,,0,0,2,3,3,2,0,0,1,3,1,0
301604,702关召唤僵尸,40100,[],1,0.8,[0+80],[20+220],[20+80],[1+20+180],40101,40100,40110,40112,40101,40110,40111,,,,,,,,0,0,2,1,3,1,0,0,1,3,1,0
301605,702关召唤幽灵,40302,[],1,0.65,[0+70],[10+210],[10+80],[1+20+190],301006,40300,40300,40301,,,,,,,,,,,0,0,2,2,2,1,0,0,1,3,1,0
301606,702关召唤雪女,40500,[],1,0.7,[30+100],[10+230],[0+70],[11+10+190],40501,40501,40500,40510,40501,,,,,,,,,,0,0,2,4,3,2,0,0,1,3,1,0
301607,702关召唤屠夫,40600,[],1,1,[0+80],[25+280],[25+85],[1+25+240],40600,40600,40603,40607,40600,40601,,,,,,,,,0,0,2,1,1,1,0,0,1,3,1,0
301608,702低级骷髅战士,40000,[],0.9,0.65,[0+70],[20+235],[20+70],[1+20+180],300302,300302,40002,40000,40001,,,,,,,,,,0,0,2,1,3,1,0,0,1,3,1,0
301609,702低级骷髅射手,40200,[],1,0.7,[70+80],[10+210],[0+70],[1+10+180],40201,40200,40202,40200,40205,,,,,,,,,,0,0,2,3,3,2,0,0,1,3,1,0
301610,703关星死灵召唤师,40402,[],0.8,1,[40+90],[30+270],[30+75],[11+24+180],301610,301610,112303,112304,112305,112306,112307,112308,112310,112311,112212,,,,0,0,2,4,1,2,0,0,1,2,1,0
301611,703死亡骑士,40700,[],1,1.2,[0+115],[30+300],[25+115],[2+30+260],40700,40700,40703,40714,40704,40701,40702,,,,,,,,0,0,2,3,1,2,0,0,1,3,1,0
301612,703关巫妖,40800,[],1,0.8,[40+140],[20+290],[10+110],[11+20+250],40800,40800,40800,40812,,,,,,,,,,,0,0,2,4,2,2,0,0,1,3,1,0
301613,704蓝色石柱,410100,[],1.2,0.72,[0+60],[0+330],[0+60],[3+0+350],301613,301613,,,,,,,,,,,,,0,0,4,5,3,1,0,0,2,3,0,0
301614,705红色石柱,410200,[],1.2,0.72,[0+60],[0+330],[0+60],[3+0+350],301614,301614,112412,,,,,,,,,,,,0,0,4,5,3,1,0,0,2,3,0,0
301615,705号蓝石柱,410100,[],1.2,0.72,[0+60],[0+330],[0+60],[3+0+350],301615,301615,,,,,,,,,,,,,0,0,4,5,3,1,0,0,2,3,0,0
301616,7061号蓝石柱,410100,[],1.2,0.72,[0+60],[0+330],[0+60],[3+0+350],301616,301616,,,,,,,,,,,,,0,0,4,5,3,1,0,0,2,3,0,0
301617,706号红石柱,410200,[],1.2,0.72,[0+60],[0+330],[0+60],[3+0+350],301617,301617,112412,,,,,,,,,,,,0,0,4,5,3,1,0,0,2,3,0,0
301618,7062号蓝石柱,410100,[],1.2,0.72,[0+60],[0+330],[0+60],[3+0+350],301618,301618,,,,,,,,,,,,,0,0,4,5,3,1,0,0,2,3,0,0
301619,706隐秘僵尸,40102,[],1.2,1.05,[0+80],[20+230],[20+80],[1+20+190],301619,301619,112417,112418,,,,,,,,,,,0,0,2,2,3,1,0,0,2,3,1,0
301620,707关火焰法阵,412700,[],1,0.9,[0+80],[0+240],[0+80],[1+0+2200],301620,301620,112702,112703,20901,112705,,,,,,,,,0,0,2,2,1,1,1,0,3,3,1,0
301621,708关冰霜法阵,412800,[],1,0.9,[0+80],[0+240],[0+80],[1+0+2200],301621,301621,112802,112805,,,,,,,,,,,0,0,2,4,1,1,1,0,3,3,1,0
301622,708关召唤冰墙,1107,[],1,1,[100+60],[5+340],[20+90],[1+30+3200],300001,300001,1149,,,,,,,,,,,,0,0,4,5,3,1,0,18000,2,3,0,0
301623,709关壁垒法阵,412900,[],1,0.9,[0+80],[0+240],[0+80],[1+0+2200],301623,301623,112902,112903,112909,,,,,,,,,,0,0,2,4,1,1,1,0,3,3,1,0
301624,709关龙卷风,100600,[],1,1,[0+80],[0+240],[0+80],[1+30+3200],301624,301624,,,,,,,,,,,,,0,0,4,5,1,1,1,30000,2,3,1,0
301625,709关BOSS召唤龙卷风,100600,[],1,1,[100+60],[5+220],[20+90],[1+30+3200],301625,301625,,,,,,,,,,,,,0,0,4,5,3,1,1,30000,2,3,1,0
301626,710死亡骑士,40702,[],1,1.2,[0+115],[30+270],[25+115],[2+30+260],40700,40700,40703,40701,40702,40704,,,,,,,,,0,0,2,5,1,1,0,0,2,2,1,0
301627,710传送门,449,[],1,1,[0+150],[0+280],[0+150],[11+0+2000],301627,301627,,,,,,,,,,,,,0,0,3,5,3,1,0,3000,2,3,0,0
301628,712冰墙,1107,[],1,1,[100+60],[5+340],[20+90],[3+5+285],301628,301628,1149,113207,,,,,,,,,,,0,0,4,5,3,1,0,0,2,3,0,0
301629,713僵尸,40100,[],1,0.8,[0+80],[20+220],[20+80],[1+20+180],40101,40100,40110,40112,40101,40111,,,,,,,,,0,0,2,1,1,1,0,0,1,3,1,0
301630,714三星骷髅,40002,[],0.9,0.65,[0+70],[20+235],[20+70],[1+20+180],300302,300302,40002,40000,40001,,,,,,,,,,0,0,2,1,3,1,0,0,1,3,1,0
301631,715石像,100300,[0.38+0+0],1,1,[130+200],[0+416],[0+180],[3+0+360],301631,301631,113401,113402,,,,,,,,,,,0,0,4,5,3,1,0,0,2,3,1,0
,,,,,,,,,,,,,,,,,,,,,,,,,,,,,,,,,,,
310001,公会201召唤骷髅兵,40001,[],0.9,0.65,[0+70],[20+235],[20+70],[1+20+180],300302,300302,40002,40000,40001,,,,,,,,,,0,0,2,1,3,1,0,0,2,3,1,0
310002,公会201召唤幽灵,40302,[],1,0.65,[0+70],[10+210],[10+80],[1+10+180],301006,40300,40300,40301,,,,,,,,,,,0,0,2,2,2,1,0,0,2,3,1,0
310003,公会201召唤死亡骑士,40702,[],1,1.2,[0+115],[30+270],[25+115],[2+30+260],40700,40700,40703,40714,40704,40701,40702,,,,,,,,0,0,2,1,1,1,0,0,2,3,1,0
310004,公会201召唤骷髅将军,40002,[],2.2,0.9,[0+70],[10+210],[0+30],[3+20+380],310004,310004,40002,40001,,,,,,,,,,,1101601,1101602,2,1,3,1,0,0,2,3,1,0
310005,公会202骨龙骷髅战士,40001,[],0.9,0.65,[0+70],[20+235],[20+70],[1+20+180],300302,300302,40002,40000,40001,,,,,,,,,,0,0,2,1,3,1,0,0,1,3,1,0
310006,公会401助战牧师,10902,[],1,0.7,[80+40],[10+205],[15+70],[1+10+175],310006,310006,161713,161712,,,,,,,,,,,0,0,1,5,2,2,3,0,1,3,0,0
310007,公会302二星小鹿,30300,[],0.8,0.9,[50+80],[20+250],[30+65],[31+15+170],30300,30300,,,,,,,,,,,,,0,0,3,4,2,2,0,0,1,2,-1,0
310008,公会303五星僵尸,40102,[],1,0.8,[0+80],[20+220],[20+80],[1+20+180],40101,40100,40110,40112,40101,40111,,,,,,,,,0,0,2,1,1,1,1,0,2,2,-1,0
310009,公会401召唤巫妖,40800,[],1,0.8,[40+140],[20+290],[10+110],[11+20+250],40800,40800,40800,40812,,,,,,,,,,,0,0,2,4,2,2,0,0,2,3,1,0
310010,公会401召唤僵尸,40100,[],1,0.8,[0+80],[20+220],[20+80],[1+20+180],40101,40100,40110,40112,40101,40111,,,,,,,,,0,0,2,1,1,1,1,0,1,2,-1,0
,,,,,,,,,,,,,,,,,,,,,,,,,,,,,,,,,,,
310101,162101关召唤栅栏,409800,[],0.7,0.7,[0+0],[20+300],[20+130],[1+20+200],310101,310101,,,,,,,,,,,,,0,0,3,5,3,1,0,0,2,3,2,0
310102,162101关召唤投石车,20901,[],0.8,1,[0+350],[-105+265],[-115+100],[21+-85+180],310102,310102,20902,20905,,,,,,,,,,,0,0,3,3,3,2,0,0,2,3,1,0
310104,162101关召唤精灵弓箭手,30101,[],1,0.6,[80+90],[0+180],[0+80],[21+0+170],310104,310104,162108,162109,,,,,,,,,,,0,0,3,3,3,2,0,0,2,3,1,0
310105,162101关召唤精灵弓箭手,30101,[],1,0.6,[80+90],[0+180],[0+80],[21+0+170],310105,310105,162108,162110,,,,,,,,,,,0,0,3,3,3,2,0,0,2,3,1,0
310106,162102关召唤幽灵,40302,[],1,0.65,[0+70],[10+210],[10+80],[1+10+180],40300,40300,40300,40301,,,,,,,,,,,0,0,2,2,2,1,0,0,2,3,1,0
310109,162103关召唤传送门（左绿色）,1305,[],1,1,[100+60],[20+100],[20+60],[1+30+900],310109,310109,1303,1304,1305,,,,,,,,,,0,0,4,2,3,1,0,20000,2,3,0,0
310110,162103关召唤传送门（右绿色）,1305,[],1,1,[100+60],[20+100],[20+60],[1+30+900],310110,310110,1303,1304,1305,,,,,,,,,,0,0,4,2,3,1,0,20000,1,3,0,0
310111,162103关召唤传送门（左红色）,449,[],1,1,[100+60],[20+100],[20+60],[1+30+900],310111,310111,1303,1304,1305,,,,,,,,,,0,0,4,2,3,1,0,20000,2,3,0,0
310112,162103关召唤传送门（右红色）,449,[],1,1,[100+60],[20+100],[20+60],[1+30+900],310112,310112,1303,1304,1305,,,,,,,,,,0,0,4,2,3,1,0,20000,1,3,0,0
310113,162103关召唤死亡沼泽,1305,[],1,1,[100+60],[20+100],[20+60],[1+30+900],310113,310113,1303,1304,1305,,,,,,,,,,0,0,4,1,3,1,0,0,2,3,0,0
310114,召唤蓝方防御塔,321100,[],1,0.65,[40+90],[0+180],[0+80],[23+0+230],310114,310114,162404,162405,162406,162411,162412,162413,162414,,,,,,0,0,1,3,3,2,0,0,1,2,0,0
310115,召唤蓝方铁匠,10402,[],1,0.7,[100+180],[0+205],[0+70],[1+0+175],310115,310115,162409,162410,162415,0,,,,,,,,,0,0,1,5,1,1,0,0,1,2,1,0
310116,召唤栅栏,409800,[],0.8,0.8,[0+0],[20+300],[20+130],[1+20+200],310101,310101,,,,,,,,,,,,,0,0,3,1,3,1,0,0,1,3,1,0
310117,兵工厂,10406,[],1,1,[100+60],[0+180],[0+60],[1+0+160],310117,310117,162408,,,,,,,,,,,,0,0,4,5,3,1,1,0,1,3,1,0
310118,机械兵,10407,[],1,0.7,[0+60],[20+140],[0+120],[1+15+100],310118,310118,,,,,,,,,,,,,0,0,4,5,3,1,1,0,1,3,1,0
310119,召唤栅栏,409800,[],0.7,0.7,[0+0],[20+300],[20+130],[1+20+200],310101,310101,,,,,,,,,,,,,0,0,3,5,3,1,0,0,2,3,2,0
310121,兵营水晶,321000,[],1,1,[100+60],[0+270],[0+90],[1+0+230],310121,310121,162602,162603,162604,162605,,,,,,,,,0,0,4,5,3,1,0,0,2,3,0,0
310122,蓝蜘蛛,21800,[],1.9,0.6,[0+30],[0+80],[0+30],[1+5+120],301016,301016,102509,,,,,,,,,,,,0,0,3,2,3,1,1,0,2,3,2,0
310123,红蜘蛛,21900,[],1.6,0.6,[0+30],[0+90],[0+30],[1+5+100],301017,301017,102510,,,,,,,,,,,,0,0,3,2,3,1,1,0,2,3,2,0
310125,小蜘蛛卵,21400,[],0.8,0.7,[0+30],[0+90],[0+30],[1+5+900],301012,301012,102504,,,,,,,,,,,,0,0,3,5,3,1,1,0,2,3,2,0
310127,蓝蜘蛛卵,21401,[],1,0.9,[0+30],[0+90],[0+30],[1+5+900],301013,301013,102505,,,,,,,,,,,,0,0,3,5,3,1,1,0,2,3,2,0
310128,红蜘蛛卵,21402,[],1,0.9,[0+30],[0+90],[0+30],[1+5+900],301014,301014,102506,,,,,,,,,,,,0,0,3,5,3,1,1,0,2,3,2,0
310129,攻城战冰冻莱奥,1500,[],1,1,[-10+70],[30+250],[30+70],[23+30+210],310129,310129,1566,1505,1506,1508,1509,1510,1502,1503,,,,,0,0,1,5,1,1,0,0,2,2,1,0
310130,助战-炮台,321100,[],1,0.65,[40+90],[0+260],[0+80],[23+0+230],301504,301504,110851,110852,110854,,,,,,,,,,0,0,1,3,3,2,0,0,1,2,1,0
,,,,,,,,,,,,,,,,,,,,,,,,,,,,,,,,,,,
310401,混乱之地-无限之镜,449,[0.4+-0.25+0],1,1,[0+150],[0+280],[0+150],[31+0+300],310401,310401,165702,,,,,,,,,,,,0,0,4,5,3,1,0,0,2,3,1,0
310402,混乱之地-无限之镜,449,[0.4+-0.25+0],1,1,[0+150],[0+280],[0+150],[31+0+300],310402,310402,,,,,,,,,,,,,0,0,4,5,3,1,0,0,2,3,1,0
310403,无限镜幽灵,40302,[],1,0.65,[0+70],[10+210],[10+80],[1+10+180],310403,310403,40301,,,,,,,,,,,,0,0,2,2,2,1,0,0,2,3,1,0
310404,火种,100900,[],1,0.3,[40+80],[0+257],[0+80],[3+-5+2000],310404,310404,165609,,,,,,,,,,,,0,0,4,5,3,1,0,15000,1,3,1,0
310405,极寒冰晶,321000,[],1,1,[100+60],[0+270],[0+90],[11+0+260],310405,310405,165610,,,,,,,,,,,,0,0,4,5,3,1,0,0,2,3,0,0
310406,4星骷髅战士,40002,[],0.9,0.65,[0+70],[20+235],[20+70],[1+20+180],40000,40000,40002,40000,,,40001,,,,,,,,0,0,2,1,3,1,0,0,1,3,1,0
,,,,,,,,,,,,,,,,,,,,,,,,,,,,,,,,,,,
401001,玩家盾妹,12000,[],1,0.7,[0+70],[10+220],[-10+75],[1+10+190],401001,401001,12000,12001,12002,12003,,,,,,,,,0,0,1,1,2,1,8,0,1,3,1,0
401002,玩家大树,30902,[],1.5,1.1,[10+120],[45+300],[20+90],[21+68+390],401002,401002,101407,101408,,,,,,,,,,,0,0,3,5,3,1,0,0,1,3,0,0
401003,石头人,60000,[],1.2,1.1,[0+95],[30+384],[25+125],[21+30+400],401003,401003,101406,,,,,,,,,,,,0,0,3,1,3,1,1,0,2,3,0,0
401004,玩家牧师,10900,[],1,0.7,[80+40],[10+205],[15+70],[1+10+175],401004,401004,10901,10900,,,,,,,,,,,0,0,1,5,2,2,3,0,1,3,0,0
401005,捆绑版艾丽卡,301399,[],1,1,[100+60],[20+100],[20+60],[1+30+900],401005,401005,,,,,,,,,,,,,0,0,4,1,3,1,0,0,1,3,0,0
401006,骷髅战士1,340099,[],0.9,0.65,[0+70],[20+235],[20+70],[1+20+900],401006,401006,40002,40001,,,,,,,,,,,0,0,2,1,3,1,0,0,2,3,0,0
401007,骷髅战士2,340099,[],0.9,0.65,[0+70],[20+235],[20+70],[1+20+900],401007,401007,40002,40001,,,,,,,,,,,0,0,2,1,3,1,0,0,2,3,0,0
401008,召唤小树（金币）,30900,[],1,0.65,[0+70],[10+180],[20+70],[1+10+150],401008,401008,142504,142505,0,0,0,0,0,0,,,,,0,0,3,1,3,1,0,0,2,3,1,0
401009,101小鹿,30302,[],0.8,0.9,[50+80],[20+250],[30+65],[21+15+170],401009,401009,30301,30302,,,,,,,,,,,0,0,3,4,2,2,0,0,1,3,1,0
