角色ID,角色备注,士兵星级,士兵稀有度,角色表现,角色偏色,角色大小缩放,角色特效大小缩放值,角色子弹发射点,角色头部特效播放点,角色身上特效播放点,角色血条长度,角色状态表文件名,角色AI表文件名,角色技能1,角色技能2,角色技能3,角色技能4,角色技能5,角色技能6,角色技能7,角色技能8,角色技能9,角色技能10,角色技能11,角色技能12,卡片名字,卡片描述,卡片表现,卡片头像表现,种族,职业,性别,攻击方式,角色攻击距离,是否唯一派发
10000-99999,策划标注给自己看的无效列,与ID构成双主键,1白3蓝4紫5金,对应骨骼文件名,[r+g+b],模型大小,,[x+y],[x+y],[x+y],[哪种血条+X+Y],填的是AIAndStatus.csv中的序号,这是默认加载的AI（天赋AI在后面）,用作界面显示,用作界面显示,用作界面显示,装备技能用作界面显示,,,,,,,,,对应语言包ID,对应语言包ID,对应美术资源,对应美术资源,1人族2亡灵3自然4其它,1战士2刺客3射手4法师5辅助6卫士,1男2女3中,1近战2远程,"0=无,1=近,2=中,3=远,4=很远",0否  1是
Role.ClassID,Null,Card.Star,Card.Rare,Role.ClassAnimationName,Role.GRB,Role.ClassScale,Role.ClassEffectScale,"Role.ClassFireOffsetX,Y","Role.ClassHeadOffsetX,Y","Role.ClassHitOffsetX,Y",Role.ClassHPLine,Role.ClassStatusName,Role.ClassAIName,Role.ClassSkill1,Role.ClassSkill2,Role.ClassSkill3,Role.ClassSkill4,Role.ClassSkill5,Role.ClassSkill6,Role.ClassSkill7,Role.ClassSkill8,Role.ClassSkill9,Role.ClassSkill10,Role.ClassSkill11,Role.ClassSkill12,Card.Name,Card.Desc,Card.Picture,Card_Headicon,Card.Race,Card.Vocation,Card.Sex,Card.AttackType,Card.AttackDistance,Card.ClassIsSingo
index,null,index,int,int,json,float,float,json,json,json,json,int,int,int,int,int,int,int,int,int,int,int,int,int,int,int,int,string,string,int,int,int,int,int,bool
10000,1星勇士,1,1,10000,[],1,0.6,[0+70],[10+220],[0+85],[1+10+190],10000,10000,10003,10004,,10007,10001,10002,10005,10006,,,,,1010000,1010001,h_soldierhead_10004.png,h_soldierhead_10004.png,1,1,1,1,1,0
10000,2星勇士,2,1,10000,[],1,0.6,[0+70],[10+220],[0+85],[1+10+190],10000,10000,10003,10004,,10007,10001,10002,10005,10006,,,,,1010000,1010001,h_soldierhead_10004.png,h_soldierhead_10004.png,1,1,1,1,1,0
10000,3星勇士,3,1,10000,[],1,0.6,[0+70],[10+220],[0+85],[1+10+190],10000,10000,10003,10004,,10007,10001,10002,10005,10006,,,,,1010000,1010001,h_soldierhead_10004.png,h_soldierhead_10004.png,1,1,1,1,1,0
10000,4星勇士,4,1,10000,[],1,0.6,[0+70],[10+220],[0+85],[1+10+190],10000,10000,10003,10004,,10007,10001,10002,10005,10006,,,,,1010000,1010001,h_soldierhead_10004.png,h_soldierhead_10004.png,1,1,1,1,1,0
10000,5星勇士,5,1,10000,[],1,0.6,[0+70],[10+220],[0+85],[1+10+190],10000,10000,10003,10004,,10007,10001,10002,10005,10006,,,,,1010000,1010001,h_soldierhead_10004.png,h_soldierhead_10004.png,1,1,1,1,1,0
10000,6星勇士,6,1,10000,[],1,0.6,[0+70],[10+220],[0+85],[1+10+190],10000,10000,10003,10004,,10007,10001,10002,10005,10006,,,,,1010000,1010001,h_soldierhead_10004.png,h_soldierhead_10004.png,1,1,1,1,1,0
10000,7星勇士,7,1,10000,[],1,0.6,[0+70],[10+220],[0+85],[1+10+190],10000,10000,10003,10004,,10007,10001,10002,10005,10006,,,,,1010000,1010001,h_soldierhead_10004.png,h_soldierhead_10004.png,1,1,1,1,1,0
10200,1星矮人火枪手,1,1,10200,[],0.9,0.7,[110+60],[20+200],[20+70],[1+20+140],10200,10200,10201,10004,,,10200,10005,10006,,,,,,1010200,1010201,h_soldierhead_10204.png,h_soldierhead_10204.png,1,3,1,2,3,0
10200,2星矮人火枪手,2,1,10200,[],0.9,0.7,[110+60],[20+200],[20+70],[1+20+140],10200,10200,10201,10004,,,10200,10005,10006,,,,,,1010200,1010201,h_soldierhead_10204.png,h_soldierhead_10204.png,1,3,1,2,3,0
10200,3星矮人火枪手,3,1,10200,[],0.9,0.7,[110+60],[20+200],[20+70],[1+20+140],10200,10200,10201,10004,,,10200,10005,10006,,,,,,1010200,1010201,h_soldierhead_10204.png,h_soldierhead_10204.png,1,3,1,2,3,0
10200,4星矮人火枪手,4,1,10200,[],0.9,0.7,[110+60],[20+200],[20+70],[1+20+140],10200,10200,10201,10004,,,10200,10005,10006,,,,,,1010200,1010201,h_soldierhead_10204.png,h_soldierhead_10204.png,1,3,1,2,3,0
10200,5星矮人火枪手,5,1,10200,[],0.9,0.7,[110+60],[20+200],[20+70],[1+20+140],10200,10200,10201,10004,,,10200,10005,10006,,,,,,1010200,1010201,h_soldierhead_10204.png,h_soldierhead_10204.png,1,3,1,2,3,0
10200,6星矮人火枪手,6,1,10200,[],0.9,0.7,[110+60],[20+200],[20+70],[1+20+140],10200,10200,10201,10004,,,10200,10005,10006,,,,,,1010200,1010201,h_soldierhead_10204.png,h_soldierhead_10204.png,1,3,1,2,3,0
10200,7星矮人火枪手,7,1,10200,[],0.9,0.7,[110+60],[20+200],[20+70],[1+20+140],10200,10200,10201,10004,,,10200,10005,10006,,,,,,1010200,1010201,h_soldierhead_10204.png,h_soldierhead_10204.png,1,3,1,2,3,0
10300,1星盗贼,1,1,10300,[],1,0.6,[0+65],[0+200],[0+80],[1+0+170],10300,10300,10304,10305,,,10301,10302,10303,10306,10307,10308,,,1010300,1010301,h_soldierhead_10304.png,h_soldierhead_10304.png,1,2,2,1,1,0
10300,2星盗贼,2,1,10300,[],1,0.6,[0+65],[0+200],[0+80],[1+0+170],10300,10300,10304,10305,,,10301,10302,10303,10306,10307,10308,,,1010300,1010301,h_soldierhead_10304.png,h_soldierhead_10304.png,1,2,2,1,1,0
10300,3星盗贼,3,1,10300,[],1,0.6,[0+65],[0+200],[0+80],[1+0+170],10300,10300,10304,10305,,,10301,10302,10303,10306,10307,10308,,,1010300,1010301,h_soldierhead_10304.png,h_soldierhead_10304.png,1,2,2,1,1,0
10300,4星盗贼,4,1,10300,[],1,0.6,[0+65],[0+200],[0+80],[1+0+170],10300,10300,10304,10305,,,10301,10302,10303,10306,10307,10308,,,1010300,1010301,h_soldierhead_10304.png,h_soldierhead_10304.png,1,2,2,1,1,0
10300,5星盗贼,5,1,10300,[],1,0.6,[0+65],[0+200],[0+80],[1+0+170],10300,10300,10304,10305,,,10301,10302,10303,10306,10307,10308,,,1010300,1010301,h_soldierhead_10304.png,h_soldierhead_10304.png,1,2,2,1,1,0
10300,6星盗贼,6,1,10300,[],1,0.6,[0+65],[0+200],[0+80],[1+0+170],10300,10300,10304,10305,,,10301,10302,10303,10306,10307,10308,,,1010300,1010301,h_soldierhead_10304.png,h_soldierhead_10304.png,1,2,2,1,1,0
10300,7星盗贼,7,1,10300,[],1,0.6,[0+65],[0+200],[0+80],[1+0+170],10300,10300,10304,10305,,,10301,10302,10303,10306,10307,10308,,,1010300,1010301,h_soldierhead_10304.png,h_soldierhead_10304.png,1,2,2,1,1,0
10400,1星老铁匠,1,4,10400,[],1,0.7,[100+180],[0+205],[0+70],[1+0+175],10400,10400,10402,10004,,,10401,10005,10006,,,,,,1010400,1010401,h_soldierhead_10404.png,h_soldierhead_10404.png,1,5,1,2,2,0
10400,2星老铁匠,2,4,10400,[],1,0.7,[100+180],[0+205],[0+70],[1+0+175],10400,10400,10402,10004,,,10401,10005,10006,,,,,,1010400,1010401,h_soldierhead_10404.png,h_soldierhead_10404.png,1,5,1,2,2,0
10400,3星老铁匠,3,4,10400,[],1,0.7,[100+180],[0+205],[0+70],[1+0+175],10400,10400,10402,10004,,,10401,10005,10006,,,,,,1010400,1010401,h_soldierhead_10404.png,h_soldierhead_10404.png,1,5,1,2,2,0
10400,4星老铁匠,4,4,10400,[],1,0.7,[100+180],[0+205],[0+70],[1+0+175],10400,10400,10402,10004,,,10401,10005,10006,,,,,,1010400,1010401,h_soldierhead_10404.png,h_soldierhead_10404.png,1,5,1,2,2,0
10400,5星老铁匠,5,4,10400,[],1,0.7,[100+180],[0+205],[0+70],[1+0+175],10400,10400,10402,10004,,,10401,10005,10006,,,,,,1010400,1010401,h_soldierhead_10404.png,h_soldierhead_10404.png,1,5,1,2,2,0
10400,6星老铁匠,6,4,10400,[],1,0.7,[100+180],[0+205],[0+70],[1+0+175],10400,10400,10402,10004,,,10401,10005,10006,,,,,,1010400,1010401,h_soldierhead_10404.png,h_soldierhead_10404.png,1,5,1,2,2,0
10400,7星老铁匠,7,4,10400,[],1,0.7,[100+180],[0+205],[0+70],[1+0+175],10400,10400,10402,10004,,,10401,10005,10006,,,,,,1010400,1010401,h_soldierhead_10404.png,h_soldierhead_10404.png,1,5,1,2,2,0
10500,1星魔剑士,1,5,10500,[],1,0.7,[0+70],[0+240],[5+95],[1+0+210],10500,10500,10505,10510,10506,,10501,10502,10503,10504,,,,,1010500,1010501,h_soldierhead_10505.png,h_soldierhead_10505.png,1,1,2,1,1,0
10500,2星魔剑士,2,5,10500,[],1,0.7,[0+70],[0+240],[5+95],[1+0+210],10500,10500,10505,10510,10506,,10501,10502,10503,10504,,,,,1010500,1010501,h_soldierhead_10505.png,h_soldierhead_10505.png,1,1,2,1,1,0
10500,3星魔剑士,3,5,10500,[],1,0.7,[0+70],[0+240],[5+95],[1+0+210],10500,10500,10505,10510,10506,,10501,10502,10503,10504,,,,,1010500,1010501,h_soldierhead_10505.png,h_soldierhead_10505.png,1,1,2,1,1,0
10500,4星魔剑士,4,5,10500,[],1,0.7,[0+70],[0+240],[5+95],[1+0+210],10500,10500,10505,10510,10506,,10501,10502,10503,10504,,,,,1010500,1010501,h_soldierhead_10505.png,h_soldierhead_10505.png,1,1,2,1,1,0
10500,5星魔剑士,5,5,10500,[],1,0.7,[0+70],[0+240],[5+95],[1+0+210],10500,10500,10505,10510,10506,,10501,10502,10503,10504,,,,,1010500,1010501,h_soldierhead_10505.png,h_soldierhead_10505.png,1,1,2,1,1,0
10500,6星魔剑士,6,5,10500,[],1,0.7,[0+70],[0+240],[5+95],[1+0+210],10500,10500,10505,10510,10506,,10501,10502,10503,10504,,,,,1010500,1010501,h_soldierhead_10505.png,h_soldierhead_10505.png,1,1,2,1,1,0
10500,7星魔剑士,7,5,10500,[],1,0.7,[0+70],[0+240],[5+95],[1+0+210],10500,10500,10505,10510,10506,,10501,10502,10503,10504,,,,,1010500,1010501,h_soldierhead_10505.png,h_soldierhead_10505.png,1,1,2,1,1,0
10600,1星维京人之盾,1,4,10600,[],1,1,[0+90],[25+305],[20+120],[2+20+270],10600,10600,10602,10604,,,10601,,,,,,,,1010600,1010601,h_soldierhead_10604.png,h_soldierhead_10604.png,1,6,1,1,1,0
10600,2星维京人之盾,2,4,10600,[],1,1,[0+90],[25+305],[20+120],[2+20+270],10600,10600,10602,10604,,,10601,,,,,,,,1010600,1010601,h_soldierhead_10604.png,h_soldierhead_10604.png,1,6,1,1,1,0
10600,3星维京人之盾,3,4,10600,[],1,1,[0+90],[25+305],[20+120],[2+20+270],10600,10600,10602,10604,,,10601,,,,,,,,1010600,1010401,h_soldierhead_10604.png,h_soldierhead_10604.png,1,6,1,1,1,0
10600,4星维京人之盾,4,4,10600,[],1,1,[0+90],[25+305],[20+120],[2+20+270],10600,10600,10602,10604,,,10601,,,,,,,,1010600,1010401,h_soldierhead_10604.png,h_soldierhead_10604.png,1,6,1,1,1,0
10600,5星维京人之盾,5,4,10600,[],1,1,[0+90],[25+305],[20+120],[2+20+270],10600,10600,10602,10604,,,10601,,,,,,,,1010600,1010401,h_soldierhead_10604.png,h_soldierhead_10604.png,1,6,1,1,1,0
10600,6星维京人之盾,6,4,10600,[],1,1,[0+90],[25+305],[20+120],[2+20+270],10600,10600,10602,10604,,,10601,,,,,,,,1010600,1010401,h_soldierhead_10604.png,h_soldierhead_10604.png,1,6,1,1,1,0
10600,7星维京人之盾,7,4,10600,[],1,1,[0+90],[25+305],[20+120],[2+20+270],10600,10600,10602,10604,,,10601,,,,,,,,1010600,1010401,h_soldierhead_10604.png,h_soldierhead_10604.png,1,6,1,1,1,0
10700,1星火焰女王,1,5,10700,[],1,0.7,[60+70],[0+270],[10+90],[11+0+240],10700,10700,10701,10702,,,,,,,,,,,1010700,1010701,h_soldierhead_10705.png,h_soldierhead_10705.png,1,4,2,2,3,0
10700,2星火焰女王,2,5,10700,[],1,0.7,[60+70],[0+270],[10+90],[11+0+240],10700,10700,10701,10702,,,,,,,,,,,1010700,1010701,h_soldierhead_10705.png,h_soldierhead_10705.png,1,4,2,2,3,0
10700,3星火焰女王,3,5,10700,[],1,0.7,[60+100],[0+270],[10+125],[11+0+240],10700,10700,10701,10702,,,,,,,,,,,1010700,1010701,h_soldierhead_10705.png,h_soldierhead_10705.png,1,4,2,2,3,0
10700,4星火焰女王,4,5,10700,[],1,0.7,[60+100],[0+270],[10+125],[11+0+240],10700,10700,10701,10702,,,,,,,,,,,1010700,1010701,h_soldierhead_10705.png,h_soldierhead_10705.png,1,4,2,2,3,0
10700,5星火焰女王,5,5,10700,[],1,0.7,[60+100],[0+270],[10+125],[11+0+240],10700,10700,10701,10702,,,,,,,,,,,1010700,1010701,h_soldierhead_10705.png,h_soldierhead_10705.png,1,4,2,2,3,0
10700,6星火焰女王,6,5,10700,[],1,0.7,[60+100],[0+270],[10+125],[11+0+240],10700,10700,10701,10702,,,,,,,,,,,1010700,1010701,h_soldierhead_10705.png,h_soldierhead_10705.png,1,4,2,2,3,0
10700,7星火焰女王,7,5,10700,[],1,0.7,[60+100],[0+270],[10+125],[11+0+240],10700,10700,10701,10702,,,,,,,,,,,1010700,1010701,h_soldierhead_10705.png,h_soldierhead_10705.png,1,4,2,2,3,0
10900,1星牧师,1,3,10900,[],1,0.7,[80+40],[10+205],[15+70],[1+10+175],10900,10900,10901,10905,10903,,10900,,,,,,,,1010900,1010901,h_soldierhead_10905.png,h_soldierhead_10905.png,1,5,2,2,3,0
10900,2星牧师,2,3,10900,[],1,0.7,[80+40],[10+205],[15+70],[1+10+175],10900,10900,10901,10905,10903,,10900,,,,,,,,1010900,1010901,h_soldierhead_10905.png,h_soldierhead_10905.png,1,5,2,2,3,0
10900,3星牧师,3,3,10900,[],1,0.7,[80+40],[10+205],[15+70],[1+10+175],10900,10900,10901,10905,10903,,10900,,,,,,,,1010900,1010901,h_soldierhead_10905.png,h_soldierhead_10905.png,1,5,2,2,3,0
10900,4星牧师,4,3,10900,[],1,0.7,[80+40],[10+205],[15+70],[1+10+175],10900,10900,10901,10905,10903,,10900,,,,,,,,1010900,1010901,h_soldierhead_10905.png,h_soldierhead_10905.png,1,5,2,2,3,0
10900,5星牧师,5,3,10900,[],1,0.7,[80+40],[10+205],[15+70],[1+10+175],10900,10900,10901,10905,10903,,10900,,,,,,,,1010900,1010901,h_soldierhead_10905.png,h_soldierhead_10905.png,1,5,2,2,3,0
10900,6星牧师,6,3,10900,[],1,0.7,[80+40],[10+205],[15+70],[1+10+175],10900,10900,10901,10905,10903,,10900,,,,,,,,1010900,1010901,h_soldierhead_10905.png,h_soldierhead_10905.png,1,5,2,2,3,0
10900,7星牧师,7,3,10900,[],1,0.7,[80+40],[10+205],[15+70],[1+10+175],10900,10900,10901,10905,10903,,10900,,,,,,,,1010900,1010901,h_soldierhead_10905.png,h_soldierhead_10905.png,1,5,2,2,3,0
11000,1星圣骑士,1,3,11000,[],1,0.9,[0+40],[10+250],[20+100],[2+10+230],11000,11000,11001,11004,11003,,11000,,,,,,,,1011000,1011001,h_soldierhead_11004.png,h_soldierhead_11004.png,1,6,1,1,1,0
11000,2星圣骑士,2,3,11000,[],1,0.9,[0+40],[10+250],[20+100],[2+10+230],11000,11000,11001,11004,11003,,11000,,,,,,,,1011000,1011001,h_soldierhead_11004.png,h_soldierhead_11004.png,1,6,1,1,1,0
11000,3星圣骑士,3,3,11000,[],1,0.9,[0+40],[10+250],[20+100],[2+10+230],11000,11000,11001,11004,11003,,11000,,,,,,,,1011000,1011001,h_soldierhead_11004.png,h_soldierhead_11004.png,1,6,1,1,1,0
11000,4星圣骑士,4,3,11000,[],1,0.9,[0+40],[10+250],[20+100],[2+10+230],11000,11000,11001,11004,11003,,11000,,,,,,,,1011000,1011001,h_soldierhead_11004.png,h_soldierhead_11004.png,1,6,1,1,1,0
11000,5星圣骑士,5,3,11000,[],1,0.9,[0+40],[10+250],[20+100],[2+10+230],11000,11000,11001,11004,11003,,11000,,,,,,,,1011000,1011001,h_soldierhead_11004.png,h_soldierhead_11004.png,1,6,1,1,1,0
11000,6星圣骑士,6,3,11000,[],1,0.9,[0+40],[10+250],[20+100],[2+10+230],11000,11000,11001,11004,11003,,11000,,,,,,,,1011000,1011001,h_soldierhead_11004.png,h_soldierhead_11004.png,1,6,1,1,1,0
11000,7星圣骑士,7,3,11000,[],1,0.9,[0+40],[10+250],[20+100],[2+10+230],11000,11000,11001,11004,11003,,11000,,,,,,,,1011000,1011001,h_soldierhead_11004.png,h_soldierhead_11004.png,1,6,1,1,1,0
11100,1星影舞者,1,4,30800,[],1,0.6,[0+70],[10+200],[10+70],[1+10+170],11100,11100,11103,11105,11104,,11101,11102,11106,,,,,,1011100,1011101,h_soldierhead_30803.png,h_soldierhead_30803.png,1,2,2,1,1,0
11100,2星影舞者,2,4,30800,[],1,0.6,[0+70],[10+200],[10+70],[1+10+170],11100,11100,11103,11105,11104,,11101,11102,11106,,,,,,1011100,1011101,h_soldierhead_30804.png,h_soldierhead_30804.png,1,2,2,1,1,0
11100,3星影舞者,3,4,30800,[],1,0.6,[0+70],[10+200],[10+70],[1+10+170],11100,11100,11103,11105,11104,,11101,11102,11106,,,,,,1011100,1011101,h_soldierhead_30805.png,h_soldierhead_30805.png,1,2,2,1,1,0
11100,4星影舞者,4,4,30800,[],1,0.6,[0+70],[10+200],[10+70],[1+10+170],11100,11100,11103,11105,11104,,11101,11102,11106,,,,,,1011100,1011101,h_soldierhead_30805.png,h_soldierhead_30805.png,1,2,2,1,1,0
11100,5星影舞者,5,4,30800,[],1,0.6,[0+70],[10+200],[10+70],[1+10+170],11100,11100,11103,11105,11104,,11101,11102,11106,,,,,,1011100,1011101,h_soldierhead_30805.png,h_soldierhead_30805.png,1,2,2,1,1,0
11100,6星影舞者,6,4,30800,[],1,0.6,[0+70],[10+200],[10+70],[1+10+170],11100,11100,11103,11105,11104,,11101,11102,11106,,,,,,1011100,1011101,h_soldierhead_30805.png,h_soldierhead_30805.png,1,2,2,1,1,0
11100,7星影舞者,7,4,30800,[],1,0.6,[0+70],[10+200],[10+70],[1+10+170],11100,11100,11103,11105,11104,,11101,11102,11106,,,,,,1011100,1011101,h_soldierhead_30805.png,h_soldierhead_30805.png,1,2,2,1,1,0
12000,1星盾妹,1,3,12000,[],1,0.7,[0+70],[10+220],[-10+75],[1+10+190],12000,12000,12000,12003,,,12001,12002,,,,,,,1012000,1012001,h_soldierhead_12004.png,h_soldierhead_12004.png,1,6,2,1,1,0
12000,2星盾妹,2,3,12000,[],1,0.7,[0+70],[10+220],[-10+75],[1+10+190],12000,12000,12000,12003,,,12001,12002,,,,,,,1012000,1012001,h_soldierhead_12004.png,h_soldierhead_12004.png,1,6,2,1,1,0
12000,3星盾妹,3,3,12000,[],1,0.7,[0+70],[10+220],[-10+75],[1+10+190],12000,12000,12000,12003,,,12001,12002,,,,,,,1012000,1012001,h_soldierhead_12004.png,h_soldierhead_12004.png,1,6,2,1,1,0
12000,4星盾妹,4,3,12000,[],1,0.7,[0+70],[10+220],[-10+75],[1+10+190],12000,12000,12000,12003,,,12001,12002,,,,,,,1012000,1012001,h_soldierhead_12004.png,h_soldierhead_12004.png,1,6,2,1,1,0
12000,5星盾妹,5,3,12000,[],1,0.7,[0+70],[10+220],[-10+75],[1+10+190],12000,12000,12000,12003,,,12001,12002,,,,,,,1012000,1012001,h_soldierhead_12004.png,h_soldierhead_12004.png,1,6,2,1,1,0
12000,6星盾妹,6,3,12000,[],1,0.7,[0+70],[10+220],[-10+75],[1+10+190],12000,12000,12000,12003,,,12001,12002,,,,,,,1012000,1012001,h_soldierhead_12004.png,h_soldierhead_12004.png,1,6,2,1,1,0
12000,7星盾妹,7,3,12000,[],1,0.7,[0+70],[10+220],[-10+75],[1+10+190],12000,12000,12000,12003,,,12001,12002,,,,,,,1012000,1012001,h_soldierhead_12004.png,h_soldierhead_12004.png,1,6,2,1,1,0
20000,1星嗜血狼人,1,3,20002,[],1,0.8,[0+100],[40+250],[35+75],[21+40+220],20000,20000,20001,20002,20003,,,,,,,,,,1020000,1020001,h_soldierhead_20003.png,h_soldierhead_20003.png,3,1,1,1,1,0
20000,2星嗜血狼人,2,3,20002,[],1,0.8,[0+100],[40+250],[35+75],[21+40+220],20000,20000,20001,20002,20003,,,,,,,,,,1020000,1020001,h_soldierhead_20003.png,h_soldierhead_20003.png,3,1,1,1,1,0
20000,3星嗜血狼人,3,3,20002,[],1,0.8,[0+100],[40+250],[35+75],[21+40+220],20000,20000,20001,20002,20003,,,,,,,,,,1020000,1020001,h_soldierhead_20003.png,h_soldierhead_20003.png,3,1,1,1,1,0
20000,4星嗜血狼人,4,3,20002,[],1,0.8,[0+100],[40+250],[35+75],[21+40+220],20000,20000,20001,20002,20003,,,,,,,,,,1020000,1020001,h_soldierhead_20003.png,h_soldierhead_20003.png,3,1,1,1,1,0
20000,5星嗜血狼人,5,3,20002,[],1,0.8,[0+100],[40+250],[35+75],[21+40+220],20000,20000,20001,20002,20003,,,,,,,,,,1020000,1020001,h_soldierhead_20003.png,h_soldierhead_20003.png,3,1,1,1,1,0
20000,6星嗜血狼人,6,3,20002,[],1,0.8,[0+100],[40+250],[35+75],[21+40+220],20000,20000,20001,20002,20003,,,,,,,,,,1020000,1020001,h_soldierhead_20003.png,h_soldierhead_20003.png,3,1,1,1,1,0
20000,7星嗜血狼人,7,3,20002,[],1,0.8,[0+100],[40+250],[35+75],[21+40+220],20000,20000,20001,20002,20003,,,,,,,,,,1020000,1020001,h_soldierhead_20003.png,h_soldierhead_20003.png,3,1,1,1,1,0
20500,1星牛头人,1,4,20502,[],1,0.8,[0+80],[30+270],[20+110],[21+30+240],20500,20500,20501,20502,20503,,20504,20505,,,,,,,1020500,1020501,h_soldierhead_20505.png,h_soldierhead_20505.png,3,6,2,1,1,0
20500,2星牛头人,2,4,20502,[],1,0.8,[0+80],[30+270],[20+110],[21+30+240],20500,20500,20501,20502,20503,,20504,20505,,,,,,,1020500,1020501,h_soldierhead_20505.png,h_soldierhead_20505.png,3,6,2,1,1,0
20500,3星牛头人,3,4,20502,[],1,0.8,[0+80],[30+270],[20+110],[21+30+240],20500,20500,20501,20502,20503,,20504,20505,,,,,,,1020500,1020501,h_soldierhead_20505.png,h_soldierhead_20505.png,3,6,2,1,1,0
20500,4星牛头人,4,4,20502,[],1,0.8,[0+80],[30+270],[20+110],[21+30+240],20500,20500,20501,20502,20503,,20504,20505,,,,,,,1020500,1020501,h_soldierhead_20505.png,h_soldierhead_20505.png,3,6,2,1,1,0
20500,5星牛头人,5,4,20502,[],1,0.8,[0+80],[30+270],[20+110],[21+30+240],20500,20500,20501,20502,20503,,20504,20505,,,,,,,1020500,1020501,h_soldierhead_20505.png,h_soldierhead_20505.png,3,6,2,1,1,0
20500,6星牛头人,6,4,20502,[],1,0.8,[0+80],[30+270],[20+110],[21+30+240],20500,20500,20501,20502,20503,,20504,20505,,,,,,,1020500,1020501,h_soldierhead_20505.png,h_soldierhead_20505.png,3,6,2,1,1,0
20500,7星牛头人,7,4,20502,[],1,0.8,[0+80],[30+270],[20+110],[21+30+240],20500,20500,20501,20502,20503,,20504,20505,,,,,,,1020500,1020501,h_soldierhead_20505.png,h_soldierhead_20505.png,3,6,2,1,1,0
20900,1星投石车,1,4,20901,[],0.8,1,[0+350],[-105+350],[-115+100],[21+-85+200],20900,20900,20905,20902,20901,,,,,,,,,,1020900,1020901,h_soldierhead_20903.png,h_soldierhead_20903.png,3,3,3,2,4,0
20900,2星投石车,2,4,20901,[],0.8,1,[0+350],[-105+350],[-115+100],[21+-85+200],20900,20900,20905,20902,20901,,,,,,,,,,1020900,1020901,h_soldierhead_20903.png,h_soldierhead_20903.png,3,3,3,2,4,0
20900,3星投石车,3,4,20901,[],0.8,1,[0+350],[-105+350],[-115+100],[21+-85+200],20900,20900,20905,20902,20901,,,,,,,,,,1020900,1020901,h_soldierhead_20903.png,h_soldierhead_20903.png,3,3,3,2,4,0
20900,4星投石车,4,4,20901,[],0.8,1,[0+350],[-105+350],[-115+100],[21+-85+200],20900,20900,20905,20902,20901,,,,,,,,,,1020900,1020901,h_soldierhead_20903.png,h_soldierhead_20903.png,3,3,3,2,4,0
20900,5星投石车,5,4,20901,[],0.8,1,[0+350],[-105+350],[-115+100],[21+-85+200],20900,20900,20905,20902,20901,,,,,,,,,,1020900,1020901,h_soldierhead_20903.png,h_soldierhead_20903.png,3,3,3,2,4,0
20900,6星投石车,6,4,20901,[],0.8,1,[0+350],[-105+350],[-115+100],[21+-85+200],20900,20900,20905,20902,20901,,,,,,,,,,1020900,1020901,h_soldierhead_20903.png,h_soldierhead_20903.png,3,3,3,2,4,0
20900,7星投石车,7,4,20901,[],0.8,1,[0+350],[-105+350],[-115+100],[21+-85+200],20900,20900,20905,20902,20901,,,,,,,,,,1020900,1020901,h_soldierhead_20903.png,h_soldierhead_20903.png,3,3,3,2,4,0
30000,1星小精灵,1,1,30000,[],1,1,[80+90],[10+210],[0+80],[1+-10+180],30000,30000,30001,30002,,,,,,,,,,,1030000,1030001,h_soldierhead_30000.png,h_soldierhead_30000.png,3,5,2,2,3,0
30000,2星小精灵,2,1,30000,[],1,1,[80+90],[10+210],[0+80],[1+-10+180],30000,30000,30001,30002,,,,,,,,,,,1030000,1030001,h_soldierhead_30000.png,h_soldierhead_30000.png,3,5,2,2,3,0
30000,3星小精灵,3,1,30000,[],1,1,[80+90],[10+210],[0+80],[1+-10+180],30000,30000,30001,30002,,,,,,,,,,,1030000,1030001,h_soldierhead_30000.png,h_soldierhead_30000.png,3,5,2,2,3,0
30000,4星小精灵,4,1,30000,[],1,1,[80+90],[10+210],[0+80],[1+-10+180],30000,30000,30001,30002,,,,,,,,,,,1030000,1030001,h_soldierhead_30000.png,h_soldierhead_30000.png,3,5,2,2,3,0
30000,5星小精灵,5,1,30000,[],1,1,[80+90],[10+210],[0+80],[1+-10+180],30000,30000,30001,30002,,,,,,,,,,,1030000,1030001,h_soldierhead_30000.png,h_soldierhead_30000.png,3,5,2,2,3,0
30000,6星小精灵,6,1,30000,[],1,1,[80+90],[10+210],[0+80],[1+-10+180],30000,30000,30001,30002,,,,,,,,,,,1030000,1030001,h_soldierhead_30000.png,h_soldierhead_30000.png,3,5,2,2,3,0
30000,7星小精灵,7,1,30000,[],1,1,[80+90],[10+210],[0+80],[1+-10+180],30000,30000,30001,30002,,,,,,,,,,,1030000,1030001,h_soldierhead_30000.png,h_soldierhead_30000.png,3,5,2,2,3,0
30100,1星精灵弓箭手,1,1,30102,[],1,0.6,[80+90],[10+210],[0+80],[21+10+180],30100,30100,30105,30102,30101,,30107,,,,,,,,1030100,1030101,h_soldierhead_30104.png,h_soldierhead_30104.png,3,3,2,2,3,0
30100,2星精灵弓箭手,2,1,30102,[],1,0.6,[80+90],[10+210],[0+80],[21+10+180],30100,30100,30105,30102,30101,,30107,,,,,,,,1030100,1030101,h_soldierhead_30104.png,h_soldierhead_30104.png,3,3,2,2,3,0
30100,3星精灵弓箭手,3,1,30102,[],1,0.6,[80+90],[10+210],[0+80],[21+10+180],30100,30100,30105,30102,30101,,30107,,,,,,,,1030100,1030101,h_soldierhead_30104.png,h_soldierhead_30104.png,3,3,2,2,3,0
30100,4星精灵弓箭手,4,1,30102,[],1,0.6,[80+90],[10+210],[0+80],[21+10+180],30100,30100,30105,30102,30101,,30107,,,,,,,,1030100,1030101,h_soldierhead_30104.png,h_soldierhead_30104.png,3,3,2,2,3,0
30100,5星精灵弓箭手,5,1,30102,[],1,0.6,[80+90],[10+210],[0+80],[21+10+180],30100,30100,30105,30102,30101,,30107,,,,,,,,1030100,1030101,h_soldierhead_30104.png,h_soldierhead_30104.png,3,3,2,2,3,0
30100,6星精灵弓箭手,6,1,30102,[],1,0.6,[80+90],[10+210],[0+80],[21+10+180],30100,30100,30105,30102,30101,,30107,,,,,,,,1030100,1030101,h_soldierhead_30104.png,h_soldierhead_30104.png,3,3,2,2,3,0
30100,7星精灵弓箭手,7,1,30102,[],1,0.6,[80+90],[10+210],[0+80],[21+10+180],30100,30100,30105,30102,30101,,30107,,,,,,,,1030100,1030101,h_soldierhead_30104.png,h_soldierhead_30104.png,3,3,2,2,3,0
30300,1星小鹿,1,3,30302,[],0.8,0.9,[50+80],[20+300],[30+65],[21+15+170],30300,30300,30301,30302,30303,,,,,,,,,,1030300,1030301,h_soldierhead_30304.png,h_soldierhead_30304.png,3,4,2,2,3,0
30300,2星小鹿,2,3,30302,[],0.8,0.9,[50+80],[20+300],[30+65],[21+15+170],30300,30300,30301,30302,30303,,,,,,,,,,1030300,1030301,h_soldierhead_30304.png,h_soldierhead_30304.png,3,4,2,2,3,0
30300,3星小鹿,3,3,30302,[],0.8,0.9,[50+80],[20+300],[30+65],[21+15+170],30300,30300,30301,30302,30303,,,,,,,,,,1030300,1030301,h_soldierhead_30304.png,h_soldierhead_30304.png,3,4,2,2,3,0
30300,4星小鹿,4,3,30302,[],0.8,0.9,[50+80],[20+300],[30+65],[21+15+170],30300,30300,30301,30302,30303,,,,,,,,,,1030300,1030301,h_soldierhead_30304.png,h_soldierhead_30304.png,3,4,2,2,3,0
30300,5星小鹿,5,3,30302,[],0.8,0.9,[50+80],[20+300],[30+65],[21+15+170],30300,30300,30301,30302,30303,,,,,,,,,,1030300,1030301,h_soldierhead_30304.png,h_soldierhead_30304.png,3,4,2,2,3,0
30300,6星小鹿,6,3,30302,[],0.8,0.9,[50+80],[20+300],[30+65],[21+15+170],30300,30300,30301,30302,30303,,,,,,,,,,1030300,1030301,h_soldierhead_30304.png,h_soldierhead_30304.png,3,4,2,2,3,0
30300,7星小鹿,7,3,30302,[],0.8,0.9,[50+80],[20+300],[30+65],[21+15+170],30300,30300,30301,30302,30303,,,,,,,,,,1030300,1030301,h_soldierhead_30304.png,h_soldierhead_30304.png,3,4,2,2,3,0
30400,1星水元素,1,1,30401,[],0.9,1.1,[100+135],[45+300],[40+105],[11+40+235],30400,30400,30401,30404,,,,,,,,,,,1030400,1030401,h_soldierhead_30405.png,h_soldierhead_30405.png,3,4,3,2,3,0
30400,2星水元素,2,1,30401,[],0.9,1.1,[100+135],[45+300],[40+105],[11+40+235],30400,30400,30401,30404,,,,,,,,,,,1030400,1030401,h_soldierhead_30405.png,h_soldierhead_30405.png,3,4,3,2,3,0
30400,3星水元素,3,1,30401,[],0.9,1.1,[100+135],[45+300],[40+105],[11+40+235],30400,30400,30401,30404,,,,,,,,,,,1030400,1030401,h_soldierhead_30405.png,h_soldierhead_30405.png,3,4,3,2,3,0
30400,4星水元素,4,1,30401,[],0.9,1.1,[100+135],[45+300],[40+105],[11+40+235],30400,30400,30401,30404,,,,,,,,,,,1030400,1030401,h_soldierhead_30405.png,h_soldierhead_30405.png,3,4,3,2,3,0
30400,5星水元素,5,1,30401,[],0.9,1.1,[100+135],[45+300],[40+105],[11+40+235],30400,30400,30401,30404,,,,,,,,,,,1030400,1030401,h_soldierhead_30405.png,h_soldierhead_30405.png,3,4,3,2,3,0
30400,6星水元素,6,1,30401,[],0.9,1.1,[100+135],[45+300],[40+105],[11+40+235],30400,30400,30401,30404,,,,,,,,,,,1030400,1030401,h_soldierhead_30405.png,h_soldierhead_30405.png,3,4,3,2,3,0
30400,7星水元素,7,1,30401,[],0.9,1.1,[100+135],[45+300],[40+105],[11+40+235],30400,30400,30401,30404,,,,,,,,,,,1030400,1030401,h_soldierhead_30405.png,h_soldierhead_30405.png,3,4,3,2,3,0
30500,1星夜刃,1,5,30502,[],1,0.6,[0+80],[20+200],[20+60],[21+20+170],30500,30500,30501,30506,30505,,,,,,,,,,1030500,1030501,h_soldierhead_30505.png,h_soldierhead_30505.png,3,2,2,1,1,0
30500,2星夜刃,2,5,30502,[],1,0.6,[0+80],[20+200],[20+60],[21+20+170],30500,30500,30501,30506,30505,,,,,,,,,,1030500,1030501,h_soldierhead_30505.png,h_soldierhead_30505.png,3,2,2,1,1,0
30500,3星夜刃,3,5,30502,[],1,0.6,[0+80],[20+200],[20+60],[21+20+170],30500,30500,30501,30506,30505,,,,,,,,,,1030500,1030501,h_soldierhead_30505.png,h_soldierhead_30505.png,3,2,2,1,1,0
30500,4星夜刃,4,5,30502,[],1,0.6,[0+80],[20+200],[20+60],[21+20+170],30500,30500,30501,30506,30505,,,,,,,,,,1030500,1030501,h_soldierhead_30505.png,h_soldierhead_30505.png,3,2,2,1,1,0
30500,5星夜刃,5,5,30502,[],1,0.6,[0+80],[20+200],[20+60],[21+20+170],30500,30500,30501,30506,30505,,,,,,,,,,1030500,1030501,h_soldierhead_30505.png,h_soldierhead_30505.png,3,2,2,1,1,0
30500,6星夜刃,6,5,30502,[],1,0.6,[0+80],[20+200],[20+60],[21+20+170],30500,30500,30501,30506,30505,,,,,,,,,,1030500,1030501,h_soldierhead_30505.png,h_soldierhead_30505.png,3,2,2,1,1,0
30500,7星夜刃,7,5,30502,[],1,0.6,[0+80],[20+200],[20+60],[21+20+170],30500,30500,30501,30506,30505,,,,,,,,,,1030500,1030501,h_soldierhead_30505.png,h_soldierhead_30505.png,3,2,2,1,1,0
30600,1星赤焰幼龙,1,5,50002,[],1,1,[140+170],[80+320],[0+155],[21+80+280],30600,30600,30601,30602,30603,,,,,,,,,,1030600,1030601,h_soldierhead_50004.png,h_soldierhead_50004.png,3,4,3,2,3,1
30600,2星赤焰幼龙,2,5,50002,[],1,1,[140+170],[80+320],[0+155],[21+80+280],30600,30600,30601,30602,30603,,,,,,,,,,1030600,1030601,h_soldierhead_50004.png,h_soldierhead_50004.png,3,4,3,2,3,1
30600,3星赤焰幼龙,3,5,50002,[],1,1,[140+170],[80+320],[0+155],[21+80+280],30600,30600,30601,30602,30603,,,,,,,,,,1030600,1030601,h_soldierhead_50004.png,h_soldierhead_50004.png,3,4,3,2,3,1
30600,4星赤焰幼龙,4,5,50002,[],1,1,[140+170],[80+320],[0+155],[21+80+280],30600,30600,30601,30602,30603,,,,,,,,,,1030600,1030601,h_soldierhead_50004.png,h_soldierhead_50004.png,3,4,3,2,3,1
30600,5星赤焰幼龙,5,5,50002,[],1,1,[140+170],[80+320],[0+155],[21+80+280],30600,30600,30601,30602,30603,,,,,,,,,,1030600,1030601,h_soldierhead_50004.png,h_soldierhead_50004.png,3,4,3,2,3,1
30600,6星赤焰幼龙,6,5,50002,[],1,1,[140+170],[80+320],[0+155],[21+80+280],30600,30600,30601,30602,30603,,,,,,,,,,1030600,1030601,h_soldierhead_50004.png,h_soldierhead_50004.png,3,4,3,2,3,1
30600,7星赤焰幼龙,7,5,50002,[],1,1,[140+170],[80+320],[0+155],[21+80+280],30600,30600,30601,30602,30603,,,,,,,,,,1030600,1030601,h_soldierhead_50004.png,h_soldierhead_50004.png,3,4,3,2,3,1
30700,1星石头人,1,3,60001,[],1.2,1.3,[0+95],[30+320],[0+150],[3+30+420],30700,30700,30700,30702,30704,,,,,,,,,,1030700,1030701,h_soldierhead_60005.png,h_soldierhead_60005.png,3,6,3,1,1,1
30700,2星石头人,2,3,60001,[],1.2,1.3,[0+95],[30+320],[0+150],[3+30+420],30700,30700,30700,30702,30704,,,,,,,,,,1030700,1030701,h_soldierhead_60005.png,h_soldierhead_60005.png,3,6,3,1,1,1
30700,3星石头人,3,3,60001,[],1.2,1.3,[0+95],[30+320],[0+150],[3+30+420],30700,30700,30700,30702,30704,,,,,,,,,,1030700,1030701,h_soldierhead_60005.png,h_soldierhead_60005.png,3,6,3,1,1,1
30700,4星石头人,4,3,60001,[],1.2,1.3,[0+95],[30+320],[0+150],[3+30+420],30700,30700,30700,30702,30704,,,,,,,,,,1030700,1030701,h_soldierhead_60005.png,h_soldierhead_60005.png,3,6,3,1,1,1
30700,5星石头人,5,3,60001,[],1.2,1.3,[0+95],[30+320],[0+150],[3+30+420],30700,30700,30700,30702,30704,,,,,,,,,,1030700,1030701,h_soldierhead_60005.png,h_soldierhead_60005.png,3,6,3,1,1,1
30700,6星石头人,6,3,60001,[],1.2,1.3,[0+95],[30+320],[0+150],[3+30+420],30700,30700,30700,30702,30704,,,,,,,,,,1030700,1030701,h_soldierhead_60005.png,h_soldierhead_60005.png,3,6,3,1,1,1
30700,7星石头人,7,3,60001,[],1.2,1.3,[0+95],[30+320],[0+150],[3+30+420],30700,30700,30700,30702,30704,,,,,,,,,,1030700,1030701,h_soldierhead_60005.png,h_soldierhead_60005.png,3,6,3,1,1,1
30800,1星海巨人,1,5,60101,[],1.1,1.3,[0+125],[30+350],[25+105],[3+30+390],30800,30800,30801,30800,30802,,,,,,,,,,1030800,1030801,h_soldierhead_60105.png,h_soldierhead_60105.png,3,1,3,1,1,1
30800,2星海巨人,2,5,60101,[],1.1,1.3,[0+125],[30+350],[25+105],[3+30+390],30800,30800,30801,30800,30802,,,,,,,,,,1030800,1030801,h_soldierhead_60105.png,h_soldierhead_60105.png,3,1,3,1,1,1
30800,3星海巨人,3,5,60101,[],1.1,1.3,[0+125],[30+350],[25+105],[3+30+390],30800,30800,30801,30800,30802,,,,,,,,,,1030800,1030801,h_soldierhead_60105.png,h_soldierhead_60105.png,3,1,3,1,1,1
30800,4星海巨人,4,5,60101,[],1.1,1.3,[0+125],[30+350],[25+105],[3+30+390],30800,30800,30801,30800,30802,,,,,,,,,,1030800,1030801,h_soldierhead_60105.png,h_soldierhead_60105.png,3,1,3,1,1,1
30800,5星海巨人,5,5,60101,[],1.1,1.3,[0+125],[30+350],[25+105],[3+30+390],30800,30800,30801,30800,30802,,,,,,,,,,1030800,1030801,h_soldierhead_60105.png,h_soldierhead_60105.png,3,1,3,1,1,1
30800,6星海巨人,6,5,60101,[],1.1,1.3,[0+125],[30+350],[25+105],[3+30+390],30800,30800,30801,30800,30802,,,,,,,,,,1030800,1030801,h_soldierhead_60105.png,h_soldierhead_60105.png,3,1,3,1,1,1
30800,7星海巨人,7,5,60101,[],1.1,1.3,[0+125],[30+350],[25+105],[3+30+390],30800,30800,30801,30800,30802,,,,,,,,,,1030800,1030801,h_soldierhead_60105.png,h_soldierhead_60105.png,3,1,3,1,1,1
30900,1星古树守卫,1,4,30902,[],1.4,1.1,[0+70],[30+220],[0+90],[3+50+400],30900,30900,30903,30904,30905,,30901,30902,,,,,,,1030900,1030901,h_soldierhead_30905.png,h_soldierhead_30905.png,3,5,3,1,1,1
30900,2星古树守卫,2,4,30902,[],1.4,1.1,[0+70],[30+220],[0+90],[3+50+400],30900,30900,30903,30904,30905,,30901,30902,,,,,,,1030900,1030901,h_soldierhead_30905.png,h_soldierhead_30905.png,3,5,3,1,1,1
30900,3星古树守卫,3,4,30902,[],1.4,1.1,[0+70],[30+220],[0+90],[3+50+400],30900,30900,30903,30904,30905,,30901,30902,,,,,,,1030900,1030901,h_soldierhead_30905.png,h_soldierhead_30905.png,3,5,3,1,1,1
30900,4星古树守卫,4,4,30902,[],1.4,1.1,[0+70],[30+220],[0+90],[3+50+400],30900,30900,30903,30904,30905,,30901,30902,,,,,,,1030900,1030901,h_soldierhead_30905.png,h_soldierhead_30905.png,3,5,3,1,1,1
30900,5星古树守卫,5,4,30902,[],1.4,1.1,[0+70],[30+220],[0+90],[3+50+400],30900,30900,30903,30904,30905,,30901,30902,,,,,,,1030900,1030901,h_soldierhead_30905.png,h_soldierhead_30905.png,3,5,3,1,1,1
30900,6星古树守卫,6,4,30902,[],1.4,1.1,[0+70],[30+220],[0+90],[3+50+400],30900,30900,30903,30904,30905,,30901,30902,,,,,,,1030900,1030901,h_soldierhead_30905.png,h_soldierhead_30905.png,3,5,3,1,1,1
30900,7星古树守卫,7,4,30902,[],1.4,1.1,[0+70],[30+220],[0+90],[3+50+400],30900,30900,30903,30904,30905,,30901,30902,,,,,,,1030900,1030901,h_soldierhead_30905.png,h_soldierhead_30905.png,3,5,3,1,1,1
31000,1星精灵女王,1,4,31000,[],1,1,[60+70],[5+320],[20+170],[1+5+300],31000,31000,31001,,,,31002,,,,,,,,1031000,1031001,h_soldierhead_31000.png,h_soldierhead_31000.png,3,5,3,1,1,1
31000,2星精灵女王,2,4,31000,[],1,1,[60+70],[5+320],[20+170],[1+5+300],31000,31000,31001,,,,31002,,,,,,,,1031000,1031001,h_soldierhead_31000.png,h_soldierhead_31000.png,3,5,3,1,1,1
31000,3星精灵女王,3,4,31000,[],1,1,[60+70],[5+320],[20+170],[1+5+300],31000,31000,31001,,,,31002,,,,,,,,1031000,1031001,h_soldierhead_31000.png,h_soldierhead_31000.png,3,5,3,1,1,1
31000,4星精灵女王,4,4,31000,[],1,1,[60+70],[5+320],[20+170],[1+5+300],31000,31000,31001,,,,31002,,,,,,,,1031000,1031001,h_soldierhead_31000.png,h_soldierhead_31000.png,3,5,3,1,1,1
31000,5星精灵女王,5,4,31000,[],1,1,[60+70],[5+320],[20+170],[1+5+300],31000,31000,31001,,,,31002,,,,,,,,1031000,1031001,h_soldierhead_31000.png,h_soldierhead_31000.png,3,5,3,1,1,1
31000,6星精灵女王,6,4,31000,[],1,1,[60+70],[5+320],[20+170],[1+5+300],31000,31000,31001,,,,31002,,,,,,,,1031000,1031001,h_soldierhead_31000.png,h_soldierhead_31000.png,3,5,3,1,1,1
31000,7星精灵女王,7,4,31000,[],1,1,[60+70],[5+320],[20+170],[1+5+300],31000,31000,31001,,,,31002,,,,,,,,1031000,1031001,h_soldierhead_31000.png,h_soldierhead_31000.png,3,5,3,1,1,1
31100,1星火元素,1,3,31100,[],1,1,[100+135],[45+300],[40+105],[1+40+260],31100,31100,31102,31101,,,,,,,,,,,1031100,1031101,h_soldierhead_31100.png,h_soldierhead_31100.png,3,6,3,1,1,0
31100,2星火元素,2,3,31100,[],1,1,[100+135],[45+300],[40+105],[1+40+260],31100,31100,31102,31101,,,,,,,,,,,1031100,1031101,h_soldierhead_31100.png,h_soldierhead_31100.png,3,6,3,1,1,0
31100,3星火元素,3,3,31100,[],1,1,[100+135],[45+300],[40+105],[1+40+260],31100,31100,31102,31101,,,,,,,,,,,1031100,1031101,h_soldierhead_31100.png,h_soldierhead_31100.png,3,6,3,1,1,0
31100,4星火元素,4,3,31100,[],1,1,[100+135],[45+300],[40+105],[1+40+260],31100,31100,31102,31101,,,,,,,,,,,1031100,1031101,h_soldierhead_31100.png,h_soldierhead_31100.png,3,6,3,1,1,0
31100,5星火元素,5,3,31100,[],1,1,[100+135],[45+300],[40+105],[1+40+260],31100,31100,31102,31101,,,,,,,,,,,1031100,1031101,h_soldierhead_31100.png,h_soldierhead_31100.png,3,6,3,1,1,0
31100,6星火元素,6,3,31100,[],1,1,[100+135],[45+300],[40+105],[1+40+260],31100,31100,31102,31101,,,,,,,,,,,1031100,1031101,h_soldierhead_31100.png,h_soldierhead_31100.png,3,6,3,1,1,0
31100,7星火元素,7,3,31100,[],1,1,[100+135],[45+300],[40+105],[1+40+260],31100,31100,31102,31101,,,,,,,,,,,1031100,1031101,h_soldierhead_31100.png,h_soldierhead_31100.png,3,6,3,1,1,0
40000,1星骷髅战士,1,1,40002,[],0.9,0.65,[0+70],[20+235],[20+70],[1+20+180],40000,40000,40002,40000,,,40001,,,,,,,,1040000,1040001,h_soldierhead_40003.png,h_soldierhead_40003.png,2,1,3,1,1,0
40000,2星骷髅战士,2,1,40002,[],0.9,0.65,[0+70],[20+235],[20+70],[1+20+180],40000,40000,40002,40000,,,40001,,,,,,,,1040000,1040001,h_soldierhead_40003.png,h_soldierhead_40003.png,2,1,3,1,1,0
40000,3星骷髅战士,3,1,40002,[],0.9,0.65,[0+70],[20+235],[20+70],[1+20+180],40000,40000,40002,40000,,,40001,,,,,,,,1040000,1040001,h_soldierhead_40003.png,h_soldierhead_40003.png,2,1,3,1,1,0
40000,4星骷髅战士,4,1,40002,[],0.9,0.65,[0+70],[20+235],[20+70],[1+20+180],40000,40000,40002,40000,,,40001,,,,,,,,1040000,1040001,h_soldierhead_40003.png,h_soldierhead_40003.png,2,1,3,1,1,0
40000,5星骷髅战士,5,1,40002,[],0.9,0.65,[0+70],[20+235],[20+70],[1+20+180],40000,40000,40002,40000,,,40001,,,,,,,,1040000,1040001,h_soldierhead_40003.png,h_soldierhead_40003.png,2,1,3,1,1,0
40000,6星骷髅战士,6,1,40002,[],0.9,0.65,[0+70],[20+235],[20+70],[1+20+180],40000,40000,40002,40000,,,40001,,,,,,,,1040000,1040001,h_soldierhead_40003.png,h_soldierhead_40003.png,2,1,3,1,1,0
40000,7星骷髅战士,7,1,40002,[],0.9,0.65,[0+70],[20+235],[20+70],[1+20+180],40000,40000,40002,40000,,,40001,,,,,,,,1040000,1040001,h_soldierhead_40003.png,h_soldierhead_40003.png,2,1,3,1,1,0
40100,1星僵尸,1,1,40102,[],1,0.8,[0+80],[20+220],[20+80],[1+20+190],40100,40100,40110,40112,,,40110,40101,40111,,,,,,1040100,1040101,h_soldierhead_40105.png,h_soldierhead_40105.png,2,6,1,1,1,0
40100,2星僵尸,2,1,40102,[],1,0.8,[0+80],[20+220],[20+80],[1+20+190],40100,40100,40110,40112,,,40110,40101,40111,,,,,,1040100,1040101,h_soldierhead_40105.png,h_soldierhead_40105.png,2,6,1,1,1,0
40100,3星僵尸,3,1,40102,[],1,0.8,[0+80],[20+220],[20+80],[1+20+190],40100,40100,40110,40112,,,40110,40101,40111,,,,,,1040100,1040101,h_soldierhead_40105.png,h_soldierhead_40105.png,2,6,1,1,1,0
40100,4星僵尸,4,1,40102,[],1,0.8,[0+80],[20+220],[20+80],[1+20+190],40100,40100,40110,40112,,,40110,40101,40111,,,,,,1040100,1040101,h_soldierhead_40105.png,h_soldierhead_40105.png,2,6,1,1,1,0
40100,5星僵尸,5,1,40102,[],1,0.8,[0+80],[20+220],[20+80],[1+20+190],40100,40100,40110,40112,,,40110,40101,40111,,,,,,1040100,1040101,h_soldierhead_40105.png,h_soldierhead_40105.png,2,6,1,1,1,0
40100,6星僵尸,6,1,40102,[],1,0.8,[0+80],[20+220],[20+80],[1+20+190],40100,40100,40110,40112,,,40110,40101,40111,,,,,,1040100,1040101,h_soldierhead_40105.png,h_soldierhead_40105.png,2,6,1,1,1,0
40100,7星僵尸,7,1,40102,[],1,0.8,[0+80],[20+220],[20+80],[1+20+190],40100,40100,40110,40112,,,40110,40101,40111,,,,,,1040100,1040101,h_soldierhead_40105.png,h_soldierhead_40105.png,2,6,1,1,1,0
40200,1星骷髅弓手,1,1,40202,[],1,0.7,[70+80],[10+210],[0+70],[1+10+180],40200,40200,40202,40200,,,40205,40002,,,,,,,1040200,1040201,h_soldierhead_40203.png,h_soldierhead_40203.png,2,3,3,2,3,0
40200,2星骷髅弓手,2,1,40202,[],1,0.7,[70+80],[10+210],[0+70],[1+10+180],40200,40200,40202,40200,,,40205,40002,,,,,,,1040200,1040201,h_soldierhead_40203.png,h_soldierhead_40203.png,2,3,3,2,3,0
40200,3星骷髅弓手,3,1,40202,[],1,0.7,[70+80],[10+210],[0+70],[1+10+180],40200,40200,40202,40200,,,40205,40002,,,,,,,1040200,1040201,h_soldierhead_40203.png,h_soldierhead_40203.png,2,3,3,2,3,0
40200,4星骷髅弓手,4,1,40202,[],1,0.7,[70+80],[10+210],[0+70],[1+10+180],40200,40200,40202,40200,,,40205,40002,,,,,,,1040200,1040201,h_soldierhead_40203.png,h_soldierhead_40203.png,2,3,3,2,3,0
40200,5星骷髅弓手,5,1,40202,[],1,0.7,[70+80],[10+210],[0+70],[1+10+180],40200,40200,40202,40200,,,40205,40002,,,,,,,1040200,1040201,h_soldierhead_40203.png,h_soldierhead_40203.png,2,3,3,2,3,0
40200,6星骷髅弓手,6,1,40202,[],1,0.7,[70+80],[10+210],[0+70],[1+10+180],40200,40200,40202,40200,,,40205,40002,,,,,,,1040200,1040201,h_soldierhead_40203.png,h_soldierhead_40203.png,2,3,3,2,3,0
40200,7星骷髅弓手,7,1,40202,[],1,0.7,[70+80],[10+210],[0+70],[1+10+180],40200,40200,40202,40200,,,40205,40002,,,,,,,1040200,1040201,h_soldierhead_40203.png,h_soldierhead_40203.png,2,3,3,2,3,0
40300,1星幽灵,1,3,40302,[],1,0.65,[0+70],[10+210],[10+80],[1+10+180],40300,40300,40300,,,,40301,,,,,,,,1040300,1040301,h_soldierhead_40304.png,h_soldierhead_40304.png,2,2,2,1,1,0
40300,2星幽灵,2,3,40302,[],1,0.65,[0+70],[10+210],[10+80],[1+10+180],40300,40300,40300,,,,40301,,,,,,,,1040300,1040301,h_soldierhead_40304.png,h_soldierhead_40304.png,2,2,2,1,1,0
40300,3星幽灵,3,3,40302,[],1,0.65,[0+70],[10+210],[10+80],[1+10+180],40300,40300,40300,,,,40301,,,,,,,,1040300,1040301,h_soldierhead_40304.png,h_soldierhead_40304.png,2,2,2,1,1,0
40300,4星幽灵,4,3,40302,[],1,0.65,[0+70],[10+210],[10+80],[1+10+180],40300,40300,40300,,,,40301,,,,,,,,1040300,1040301,h_soldierhead_40304.png,h_soldierhead_40304.png,2,2,2,1,1,0
40300,5星幽灵,5,3,40302,[],1,0.65,[0+70],[10+210],[10+80],[1+10+180],40300,40300,40300,,,,40301,,,,,,,,1040300,1040301,h_soldierhead_40304.png,h_soldierhead_40304.png,2,2,2,1,1,0
40300,6星幽灵,6,3,40302,[],1,0.65,[0+70],[10+210],[10+80],[1+10+180],40300,40300,40300,,,,40301,,,,,,,,1040300,1040301,h_soldierhead_40304.png,h_soldierhead_40304.png,2,2,2,1,1,0
40300,7星幽灵,7,3,40302,[],1,0.65,[0+70],[10+210],[10+80],[1+10+180],40300,40300,40300,,,,40301,,,,,,,,1040300,1040301,h_soldierhead_40304.png,h_soldierhead_40304.png,2,2,2,1,1,0
40400,1星死灵召唤师,1,3,40402,[],0.8,1,[40+90],[30+330],[30+75],[11+24+180],40400,40400,40400,40408,,,40407,40404,,,,,,,1040400,1040401,h_soldierhead_40404.png,h_soldierhead_40404.png,2,4,1,2,3,0
40400,2星死灵召唤师,2,3,40402,[],0.8,1,[40+90],[30+330],[30+75],[11+24+180],40400,40400,40400,40408,,,40407,40404,,,,,,,1040400,1040401,h_soldierhead_40404.png,h_soldierhead_40404.png,2,4,1,2,3,0
40400,3星死灵召唤师,3,3,40402,[],0.8,1,[40+90],[30+330],[30+75],[11+24+180],40400,40400,40400,40408,,,40407,40404,,,,,,,1040400,1040401,h_soldierhead_40404.png,h_soldierhead_40404.png,2,4,1,2,3,0
40400,4星死灵召唤师,4,3,40402,[],0.8,1,[40+90],[30+330],[30+75],[11+24+180],40400,40400,40400,40408,,,40407,40404,,,,,,,1040400,1040401,h_soldierhead_40404.png,h_soldierhead_40404.png,2,4,1,2,3,0
40400,5星死灵召唤师,5,3,40402,[],0.8,1,[40+90],[30+330],[30+75],[11+24+180],40400,40400,40400,40408,,,40407,40404,,,,,,,1040400,1040401,h_soldierhead_40404.png,h_soldierhead_40404.png,2,4,1,2,3,0
40400,6星死灵召唤师,6,3,40402,[],0.8,1,[40+90],[30+330],[30+75],[11+24+180],40400,40400,40400,40408,,,40407,40404,,,,,,,1040400,1040401,h_soldierhead_40404.png,h_soldierhead_40404.png,2,4,1,2,3,0
40400,7星死灵召唤师,7,3,40402,[],0.8,1,[40+90],[30+330],[30+75],[11+24+180],40400,40400,40400,40408,,,40407,40404,,,,,,,1040400,1040401,h_soldierhead_40404.png,h_soldierhead_40404.png,2,4,1,2,3,0
40500,1星雪女,1,5,40502,[],1,0.7,[30+100],[10+230],[0+70],[11+10+190],40500,40500,40500,40510,,,40501,,,,,,,,1040500,1040501,h_soldierhead_40504.png,h_soldierhead_40504.png,2,4,2,2,3,0
40500,2星雪女,2,5,40502,[],1,0.7,[30+100],[10+230],[0+70],[11+10+190],40500,40500,40500,40510,,,40501,,,,,,,,1040500,1040501,h_soldierhead_40504.png,h_soldierhead_40504.png,2,4,2,2,3,0
40500,3星雪女,3,5,40502,[],1,0.7,[30+100],[10+230],[0+70],[11+10+190],40500,40500,40500,40510,,,40501,,,,,,,,1040500,1040501,h_soldierhead_40504.png,h_soldierhead_40504.png,2,4,2,2,3,0
40500,4星雪女,4,5,40502,[],1,0.7,[30+100],[10+230],[0+70],[11+10+190],40500,40500,40500,40510,,,40501,,,,,,,,1040500,1040501,h_soldierhead_40504.png,h_soldierhead_40504.png,2,4,2,2,3,0
40500,5星雪女,5,5,40502,[],1,0.7,[30+100],[10+230],[0+70],[11+10+190],40500,40500,40500,40510,,,40501,,,,,,,,1040500,1040501,h_soldierhead_40504.png,h_soldierhead_40504.png,2,4,2,2,3,0
40500,6星雪女,6,5,40502,[],1,0.7,[30+100],[10+230],[0+70],[11+10+190],40500,40500,40500,40510,,,40501,,,,,,,,1040500,1040501,h_soldierhead_40504.png,h_soldierhead_40504.png,2,4,2,2,3,0
40500,7星雪女,7,5,40502,[],1,0.7,[30+100],[10+230],[0+70],[11+10+190],40500,40500,40500,40510,,,40501,,,,,,,,1040500,1040501,h_soldierhead_40504.png,h_soldierhead_40504.png,2,4,2,2,3,0
40600,1星屠夫,1,3,40602,[],1,1,[0+80],[25+280],[25+85],[1+25+240],40600,40600,40603,40607,40602,,40600,40601,,,,,,,1040600,1040601,h_soldierhead_40605.png,h_soldierhead_40605.png,2,1,1,1,1,0
40600,2星屠夫,2,3,40602,[],1,1,[0+80],[25+280],[25+85],[1+25+240],40600,40600,40603,40607,40602,,40600,40601,,,,,,,1040600,1040601,h_soldierhead_40605.png,h_soldierhead_40605.png,2,1,1,1,1,0
40600,3星屠夫,3,3,40602,[],1,1,[0+80],[25+280],[25+85],[1+25+240],40600,40600,40603,40607,40602,,40600,40601,,,,,,,1040600,1040601,h_soldierhead_40605.png,h_soldierhead_40605.png,2,1,1,1,1,0
40600,4星屠夫,4,3,40602,[],1,1,[0+80],[25+280],[25+85],[1+25+240],40600,40600,40603,40607,40602,,40600,40601,,,,,,,1040600,1040601,h_soldierhead_40605.png,h_soldierhead_40605.png,2,1,1,1,1,0
40600,5星屠夫,5,3,40602,[],1,1,[0+80],[25+280],[25+85],[1+25+240],40600,40600,40603,40607,40602,,40600,40601,,,,,,,1040600,1040601,h_soldierhead_40605.png,h_soldierhead_40605.png,2,1,1,1,1,0
40600,6星屠夫,6,3,40602,[],1,1,[0+80],[25+280],[25+85],[1+25+240],40600,40600,40603,40607,40602,,40600,40601,,,,,,,1040600,1040601,h_soldierhead_40605.png,h_soldierhead_40605.png,2,1,1,1,1,0
40600,7星屠夫,7,3,40602,[],1,1,[0+80],[25+280],[25+85],[1+25+240],40600,40600,40603,40607,40602,,40600,40601,,,,,,,1040600,1040601,h_soldierhead_40605.png,h_soldierhead_40605.png,2,1,1,1,1,0
40700,1星死亡骑士,1,3,40702,[],1,1.2,[0+115],[30+300],[25+115],[2+30+260],40700,40700,40703,40714,,,40704,40701,40702,,,,,,1040700,1040701,h_soldierhead_40705.png,h_soldierhead_40705.png,2,6,1,1,1,0
40700,2星死亡骑士,2,3,40702,[],1,1.2,[0+115],[30+300],[25+115],[2+30+260],40700,40700,40703,40714,,,40704,40701,40702,,,,,,1040700,1040701,h_soldierhead_40705.png,h_soldierhead_40705.png,2,6,1,1,1,0
40700,3星死亡骑士,3,3,40702,[],1,1.2,[0+115],[30+300],[25+115],[2+30+260],40700,40700,40703,40714,,,40704,40701,40702,,,,,,1040700,1040701,h_soldierhead_40705.png,h_soldierhead_40705.png,2,6,1,1,1,0
40700,4星死亡骑士,4,3,40702,[],1,1.2,[0+115],[30+300],[25+115],[2+30+260],40700,40700,40703,40714,,,40704,40701,40702,,,,,,1040700,1040701,h_soldierhead_40705.png,h_soldierhead_40705.png,2,6,1,1,1,0
40700,5星死亡骑士,5,3,40702,[],1,1.2,[0+115],[30+300],[25+115],[2+30+260],40700,40700,40703,40714,,,40704,40701,40702,,,,,,1040700,1040701,h_soldierhead_40705.png,h_soldierhead_40705.png,2,6,1,1,1,0
40700,6星死亡骑士,6,3,40702,[],1,1.2,[0+115],[30+300],[25+115],[2+30+260],40700,40700,40703,40714,,,40704,40701,40702,,,,,,1040700,1040701,h_soldierhead_40705.png,h_soldierhead_40705.png,2,6,1,1,1,0
40700,7星死亡骑士,7,3,40702,[],1,1.2,[0+115],[30+300],[25+115],[2+30+260],40700,40700,40703,40714,,,40704,40701,40702,,,,,,1040700,1040701,h_soldierhead_40705.png,h_soldierhead_40705.png,2,6,1,1,1,0
40800,1星巫妖,1,5,40802,[],1,0.8,[40+140],[20+290],[10+110],[11+20+250],40800,40800,40800,40812,,,,,,,,,,,1040800,1040801,h_soldierhead_40805.png,h_soldierhead_40805.png,2,4,2,2,3,0
40800,2星巫妖,2,5,40802,[],1,0.8,[40+140],[20+290],[10+110],[11+20+250],40800,40800,40800,40812,,,,,,,,,,,1040800,1040801,h_soldierhead_40805.png,h_soldierhead_40805.png,2,4,2,2,3,0
40800,3星巫妖,3,5,40802,[],1,0.8,[40+140],[20+290],[10+110],[11+20+250],40800,40800,40800,40812,,,,,,,,,,,1040800,1040801,h_soldierhead_40805.png,h_soldierhead_40805.png,2,4,2,2,3,0
40800,4星巫妖,4,5,40802,[],1,0.8,[40+140],[20+290],[10+110],[11+20+250],40800,40800,40800,40812,,,,,,,,,,,1040800,1040801,h_soldierhead_40805.png,h_soldierhead_40805.png,2,4,2,2,3,0
40800,5星巫妖,5,5,40802,[],1,0.8,[40+140],[20+290],[10+110],[11+20+250],40800,40800,40800,40812,,,,,,,,,,,1040800,1040801,h_soldierhead_40805.png,h_soldierhead_40805.png,2,4,2,2,3,0
40800,6星巫妖,6,5,40802,[],1,0.8,[40+140],[20+290],[10+110],[11+20+250],40800,40800,40800,40812,,,,,,,,,,,1040800,1040801,h_soldierhead_40805.png,h_soldierhead_40805.png,2,4,2,2,3,0
40800,7星巫妖,7,5,40802,[],1,0.8,[40+140],[20+290],[10+110],[11+20+250],40800,40800,40800,40812,,,,,,,,,,,1040800,1040801,h_soldierhead_40805.png,h_soldierhead_40805.png,2,4,2,2,3,0
40900,1星吸血鬼勋爵,1,4,40902,[],1,0.7,[0+90],[0+240],[0+80],[1+0+200],40900,40900,40902,40903,40907,,40901,,,,,,,,1040900,1040901,h_soldierhead_40904.png,h_soldierhead_40904.png,2,1,2,1,1,0
40900,2星吸血鬼勋爵,2,4,40902,[],1,0.7,[0+90],[0+240],[0+80],[1+0+200],40900,40900,40902,40903,40907,,40901,,,,,,,,1040900,1040901,h_soldierhead_40904.png,h_soldierhead_40904.png,2,1,2,1,1,0
40900,3星吸血鬼勋爵,3,4,40902,[],1,0.7,[0+90],[0+240],[0+80],[1+0+200],40900,40900,40902,40903,40907,,40901,,,,,,,,1040900,1040901,h_soldierhead_40904.png,h_soldierhead_40904.png,2,1,2,1,1,0
40900,4星吸血鬼勋爵,4,4,40902,[],1,0.7,[0+90],[0+240],[0+80],[1+0+200],40900,40900,40902,40903,40907,,40901,,,,,,,,1040900,1040901,h_soldierhead_40904.png,h_soldierhead_40904.png,2,1,2,1,1,0
40900,5星吸血鬼勋爵,5,4,40902,[],1,0.7,[0+90],[0+240],[0+80],[1+0+200],40900,40900,40902,40903,40907,,40901,,,,,,,,1040900,1040901,h_soldierhead_40904.png,h_soldierhead_40904.png,2,1,2,1,1,0
40900,6星吸血鬼勋爵,6,4,40902,[],1,0.7,[0+90],[0+240],[0+80],[1+0+200],40900,40900,40902,40903,40907,,40901,,,,,,,,1040900,1040901,h_soldierhead_40904.png,h_soldierhead_40904.png,2,1,2,1,1,0
40900,7星吸血鬼勋爵,7,4,40902,[],1,0.7,[0+90],[0+240],[0+80],[1+0+200],40900,40900,40902,40903,40907,,40901,,,,,,,,1040900,1040901,h_soldierhead_40904.png,h_soldierhead_40904.png,2,1,2,1,1,0
41000,1星黑寡妇,1,4,41000,[],1,0.7,[100+130],[0+280],[25+90],[1+10+260],41000,41000,41001,41002,,,41004,,,,,,,,1041000,1041001,h_soldierhead_41000.png,h_soldierhead_41000.png,2,3,2,2,2,0
41000,2星黑寡妇,2,4,41000,[],1,0.7,[100+130],[0+280],[25+90],[1+10+260],41000,41000,41001,41002,,,41004,,,,,,,,1041000,1041001,h_soldierhead_41000.png,h_soldierhead_41000.png,2,3,2,2,2,0
41000,3星黑寡妇,3,4,41000,[],1,0.7,[100+130],[0+280],[25+90],[1+10+260],41000,41000,41001,41002,,,41004,,,,,,,,1041000,1041001,h_soldierhead_41000.png,h_soldierhead_41000.png,2,3,2,2,2,0
41000,4星黑寡妇,4,4,41000,[],1,0.7,[100+130],[0+280],[25+90],[1+10+260],41000,41000,41001,41002,,,41004,,,,,,,,1041000,1041001,h_soldierhead_41000.png,h_soldierhead_41000.png,2,3,2,2,2,0
41000,5星黑寡妇,5,4,41000,[],1,0.7,[100+130],[0+280],[25+90],[1+10+260],41000,41000,41001,41002,,,41004,,,,,,,,1041000,1041001,h_soldierhead_41000.png,h_soldierhead_41000.png,2,3,2,2,2,0
41000,6星黑寡妇,6,4,41000,[],1,0.7,[100+130],[0+280],[25+90],[1+10+260],41000,41000,41001,41002,,,41004,,,,,,,,1041000,1041001,h_soldierhead_41000.png,h_soldierhead_41000.png,2,3,2,2,2,0
41000,7星黑寡妇,7,4,41000,[],1,0.7,[100+130],[0+280],[25+90],[1+10+260],41000,41000,41001,41002,,,41004,,,,,,,,1041000,1041001,h_soldierhead_41000.png,h_soldierhead_41000.png,2,3,2,2,2,0
