子弹ID,子弹名称,弹道轨迹,弹道参数,子弹飞行帧数,子弹生命周期,子弹起始位置,起始位置参数,子弹结束位置,结束位置参数,子弹命中类型,命中判定类型,命中判定类型参数,首次判定时间,命中判定最大次数,命中判定间隔时间,单位最大结算次数,非召唤师结算ID序列,召唤师结算ID序列,BUFF_ID序列,子弹表现动画ID,子弹轨迹结束动画表现ID,子弹个体命中表现动画,子弹群体命中表现动画,动画方向是否锁死,UI特效调用时机,ui特效标记ID,子弹继承哪个层级的表现
主键,无效列,1抛物线 3目标周围持续 4直线穿透,[第一参数+第二参数],弹道轨迹的时间参数(单位毫秒),子弹存在的时间(单位毫秒),1子弹发出者的子弹发射点,[X+Y+R],1发出者的被击点2发出者的移动中心点3目标的被击点4目标的移动中心点5目标点6己方英雄7敌方英雄8地图原点,[X+Y+R],0无 1飞行结束 2飞行中3碰撞命中,0无 1点命中        2搜索结果命中(子弹不能搜索自己),X距离或搜索ID,单位毫秒,,单位毫秒,,对应结算表ID,对应结算表ID,对应buff表ID,对应表现表的ID,对应表现表的ID,对应表现表的ID,对应表现表的ID,0不 1锁死,0不调用1子弹初始时调用2子弹命中判定时调用3子弹轨迹结束调用,对应UI_Effect表中的ID,"0位继承子弹发出者所在层级,1-5为后到前(234是三条线的Zorder值)"
Bullet_ID,null,Bullet_Locus,Bullet_LocusParam,Bullet_FlyTime,Bullet_LifeTime,Bullet_StartType,Bullet_StartParam,Bullet_EndType,Bullet_EndParam,Bullet_HitType,Bullet_HitJudgeType,Bullet_HitJudgeParam,Bullet_HitJudgeFirstTime,Bullet_HitJudgeMaxTime,Bullet_HitJudgePerTime,Bullet_UnitMaxCountTime,Bullet_CountId,Bullet_CountHeroId,Bullet_BuffId,Bullet_AnimationId,Bullet_EndAnimationId,Bullet_HitAnimationId,Bullet_HitAllAnimationId,Bullet_LockDirect,Bullet_UiEffectTime,Bullet_UiEffectId,Bullet_Zorder
index,null,int,json,int,int,int,json,int,json,int,int,int,int,int,int,int,json,json,jsons,json,json,json,json,bool,int,int,int
,,,,,,,,,,,,,,,,,,,,,,,,,,,
1,通用近战子弹（命中一个目标角色）,3,[0+0],50,1000,1,[0+0+0],3,[0+0+0],1,1,300,0,1,100,1,[10000],[10000],[],[],[],[],[12],1,0,0,0
1001,火法火球技能1,4,[800+50000],10000,10000,1,[10+20+0],7,[0+0+0],3,2,1001,1,500,100,1,[1001],[1071],[1000+1],[1001],[],[],[1002],1,0,0,5
1002,火法技能2火雨1,3,[0+0],600,10000,1,[0+0+0],5,[0+0+0],1,2,1002,0,1,100,1,[1002],[1072],[1001+1],[1009],[1004+1006],[1010],[],1,0,0,1
1003,火法技能2火雨2,3,[0+0],600,10000,1,[0+0+0],5,[-90+60+0],1,2,1002,0,1,100,1,[1002],[1072],[1001+1],[1003],[1004+1005],[1008],[],1,0,0,1
1004,火法技能2火雨3,3,[0+0],600,10000,1,[0+0+0],5,[180+0+0],1,2,1002,0,1,100,1,[1002],[1072],[1001+1],[1009],[1004+1006],[1010],[],1,0,0,1
1005,火法技能2火雨4,3,[0+0],600,10000,1,[0+0+0],5,[-180+0+0],1,2,1002,0,1,100,1,[1002],[1072],[1001+1],[1003],[1004+1006],[1008],[],1,0,0,1
1006,火法技能2火雨5,3,[0+0],600,10000,1,[0+0+0],5,[-90+-60+0],1,2,1002,0,1,100,1,[1002],[1072],[1001+1],[1009],[1004+1007],[1010],[],1,0,0,5
1007,火法技能2火雨6,3,[0+0],600,10000,1,[0+0+0],5,[90+-70+0],1,2,1002,0,1,100,1,[1002],[1072],[1001+1],[1003],[1004+1007],[1008],[],1,0,0,5
1008,火法技能2火雨7,3,[0+0],600,10000,1,[0+0+0],5,[90+60+0],1,2,1002,0,1,100,1,[1002],[1072],[1001+1],[1009],[1004+1006],[1010],[],1,0,0,1
1009,火法技能2火雨残炎,3,[0+0],0,8000,1,[0+0+0],5,[0+0+0],1,2,1003,1,100,100,1,[],[],[1001+1],[],[],[],[],1,0,0,5
1020,火法火龙喷火,4,[650+50000],17000,10000,1,[0+0+0],7,[0+0+0],2,2,1003,1,500,200,1,[1003],[1073],[1002+1],[],[],[],[],1,0,0,0
1021,火法火龙残焰1,3,[0+0],0,5000,1,[0+0+0],1,[300+-80+100],1,1,100,1,0,0,1,[],[],[],[],[1006],[],[],1,0,0,5
1022,火法火龙残焰11,3,[0+0],0,5000,1,[0+0+0],1,[400+0+100],1,2,1003,1,100,200,1,[],[],[1002+1],[],[1005],[],[],1,0,0,1
1023,火法火龙残焰11,3,[0+0],0,5000,1,[0+0+0],1,[400+-160+100],1,1,100,1,0,0,1,[],[],[],[],[1007],[],[],1,0,0,1
1101,冰法冰弹技能1,4,[800+50000],10000,10000,1,[0+0+0],7,[0+0+0],3,2,1101,1,500,100,1,[1101],[1171],[22+1]*[6+3]*[8+3]*[1101+1],[1101],[],[],[1102],1,0,0,0
1102,暴风雪0,3,[0+0],650,1400,1,[0+0+0],2,[0+10+0],3,2,1103,550,500,100,1,[1103],[1173],[22+1]*[6+3]*[8+3],[1103],[1104],[],[],1,0,0,2
1103,暴风雪1,3,[0+0],650,1400,1,[0+0+0],2,[-100+10+100],3,2,1103,550,500,100,1,[1103],[1173],[22+1]*[6+3]*[8+3],[1103],[1105],[],[],1,0,0,2
1104,暴风雪2,3,[0+0],650,1400,1,[0+0+0],2,[-200+110+100],3,2,1103,550,500,100,1,[1103],[1173],[22+1]*[6+3]*[8+3],[1103],[1106],[],[],1,0,0,2
1105,暴风雪4,3,[0+0],650,1400,1,[0+0+0],2,[-100+-50+100],3,2,1103,550,500,100,1,[1103],[1173],[22+1]*[6+3]*[8+3],[1103],[1104],[],[],1,0,0,2
1106,暴风雪5,3,[0+0],650,1400,1,[0+0+0],2,[120+-50+100],3,2,1103,550,500,100,1,[1103],[1173],[22+1]*[6+3]*[8+3],[1103],[1107],[],[],1,0,0,2
1107,暴风雪3,3,[0+0],650,1400,1,[0+0+0],2,[100+70+100],3,2,1103,550,500,100,1,[1103],[1173],[22+1]*[6+3]*[8+3],[1103],[1107],[],[],1,0,0,2
1112,暴风雪0,3,[0+0],650,1400,1,[0+0+0],2,[500+10+100],3,2,1103,550,500,100,1,[1103],[1173],[22+1]*[6+3]*[8+3],[1103],[1104],[],[],1,0,0,2
1113,暴风雪1,3,[0+0],650,1400,1,[0+0+0],2,[400+70+100],3,2,1103,550,500,100,1,[1103],[1173],[22+1]*[6+3]*[8+3],[1103],[1105],[],[],1,0,0,2
1114,暴风雪2,3,[0+0],650,1400,1,[0+0+0],2,[270+10+100],3,2,1103,550,500,100,1,[1103],[1173],[22+1]*[6+3]*[8+3],[1103],[1106],[],[],1,0,0,2
1115,暴风雪4,3,[0+0],650,1400,1,[0+0+0],2,[400+-50+100],3,2,1103,550,500,100,1,[1103],[1173],[22+1]*[6+3]*[8+3],[1103],[1104],[],[],1,0,0,2
1116,暴风雪5,3,[0+0],650,1400,1,[0+0+0],2,[620+-50+100],3,2,1103,550,500,100,1,[1103],[1173],[22+1]*[6+3]*[8+3],[1103],[1107],[],[],1,0,0,2
1117,暴风雪3,3,[0+0],650,1400,1,[0+0+0],2,[600+70+100],3,2,1103,550,500,100,1,[1103],[1173],[22+1]*[6+3]*[8+3],[1103],[1107],[],[],1,0,0,2
1122,暴风雪0,3,[0+0],650,1400,1,[0+0+0],2,[1000+10+100],3,2,1103,550,500,100,1,[1103],[1173],[22+1]*[6+3]*[8+3],[1103],[1104],[],[],1,0,0,2
1123,暴风雪1,3,[0+0],650,1400,1,[0+0+0],2,[900+70+100],3,2,1103,550,500,100,1,[1103],[1173],[22+1]*[6+3]*[8+3],[1103],[1105],[],[],1,0,0,2
1124,暴风雪2,3,[0+0],650,1400,1,[0+0+0],2,[770+10+100],3,2,1103,550,500,100,1,[1103],[1173],[22+1]*[6+3]*[8+3],[1103],[1106],[],[],1,0,0,2
1125,暴风雪4,3,[0+0],650,1400,1,[0+0+0],2,[900+-50+100],3,2,1103,550,500,100,1,[1103],[1173],[22+1]*[6+3]*[8+3],[1103],[1104],[],[],1,0,0,2
1126,暴风雪5,3,[0+0],650,1400,1,[0+0+0],2,[1120+-50+100],3,2,1103,550,500,100,1,[1103],[1173],[22+1]*[6+3]*[8+3],[1103],[1107],[],[],1,0,0,2
1127,暴风雪3,3,[0+0],650,1400,1,[0+0+0],2,[1100+70+100],3,2,1103,550,500,100,1,[1103],[1173],[22+1]*[6+3]*[8+3],[1103],[1107],[],[],1,0,0,2
1132,暴风雪0,3,[0+0],650,1400,1,[0+0+0],2,[1500+10+100],3,2,1103,550,500,100,1,[1103],[1173],[22+1]*[6+3]*[8+3],[1103],[1104],[],[],1,0,0,2
1133,暴风雪1,3,[0+0],650,1400,1,[0+0+0],2,[1400+70+100],3,2,1103,550,500,100,1,[1103],[1173],[22+1]*[6+3]*[8+3],[1103],[1105],[],[],1,0,0,2
1134,暴风雪2,3,[0+0],650,1400,1,[0+0+0],2,[1270+10+100],3,2,1103,550,500,100,1,[1103],[1173],[22+1]*[6+3]*[8+3],[1103],[1106],[],[],1,0,0,2
1135,暴风雪4,3,[0+0],650,1400,1,[0+0+0],2,[1400+-50+100],3,2,1103,550,500,100,1,[1103],[1173],[22+1]*[6+3]*[8+3],[1103],[1104],[],[],1,0,0,2
1136,暴风雪5,3,[0+0],650,1400,1,[0+0+0],2,[1620+-50+100],3,2,1103,550,500,100,1,[1103],[1173],[22+1]*[6+3]*[8+3],[1103],[1107],[],[],1,0,0,2
1137,暴风雪3,3,[0+0],650,1400,1,[0+0+0],2,[1600+70+100],3,2,1103,550,500,100,1,[1103],[1173],[22+1]*[6+3]*[8+3],[1103],[1107],[],[],1,0,0,2
1142,暴风雪0,3,[0+0],650,1400,1,[0+0+0],2,[2000+10+100],3,2,1103,550,500,100,1,[1103],[1173],[22+1]*[6+3]*[8+3],[1103],[1104],[],[],1,0,0,2
1143,暴风雪1,3,[0+0],650,1400,1,[0+0+0],2,[1900+70+100],3,2,1103,550,500,100,1,[1103],[1173],[22+1]*[6+3]*[8+3],[1103],[1105],[],[],1,0,0,2
1144,暴风雪2,3,[0+0],650,1400,1,[0+0+0],2,[1700+10+100],3,2,1103,550,500,100,1,[1103],[1173],[22+1]*[6+3]*[8+3],[1103],[1106],[],[],1,0,0,2
1145,暴风雪4,3,[0+0],650,1400,1,[0+0+0],2,[1900+-50+100],3,2,1103,550,500,100,1,[1103],[1173],[22+1]*[6+3]*[8+3],[1103],[1104],[],[],1,0,0,2
1146,暴风雪5,3,[0+0],650,1400,1,[0+0+0],2,[2120+-50+100],3,2,1103,550,500,100,1,[1103],[1173],[22+1]*[6+3]*[8+3],[1103],[1107],[],[],1,0,0,2
1147,暴风雪3,3,[0+0],650,1400,1,[0+0+0],2,[2100+70+100],3,2,1103,550,500,100,1,[1103],[1173],[22+1]*[6+3]*[8+3],[1103],[1107],[],[],1,0,0,2
1149,巨冰按顺序冰冻子弹,1,[800+0],5000,2000,1,[0+0+0],3,[0+0+0],2,1,100,5,500,100,1,[],[],[22+1]*[6+3]*[8+3],[],[],[],[],1,0,0,0
1203,刺客3技能子弹表现,4,[1000+50000],10000,10000,1,[0+-100+0],7,[0+0+0],3,2,1201,1,500,5,1,[],[],[1216+1]*[1217+1],[1202],[],[],[1203],1,0,0,0
1208,刺客少年技能2找目标,4,[2000+50],17000,10000,1,[0+0+0],7,[0+0+0],3,2,1202,1,500,5,1,[],[],[1202+1],[],[],[],[],1,0,0,0
1209,刺客2技能,3,[0+0],650,1400,1,[0+0+0],3,[0+0+0],2,1,1000,550,500,100,1,[],[],[],[],[1220],[],[],1,0,0,0
1211,分身普攻1,3,[0+0],50,200,1,[0+0+0],3,[0+0+0],1,1,350,0,1,100,1,[1221],[1221],[],[],[],[103],[],1,0,0,0
1212,分身普攻2,3,[0+0],50,200,1,[0+0+0],3,[0+0+0],1,1,350,0,1,100,1,[1222],[1222],[],[],[],[103],[],1,0,0,0
1213,分身普攻3,3,[0+0],50,200,1,[0+0+0],3,[0+0+0],1,1,350,0,1,100,1,[1223],[1223],[],[],[],[103],[],1,0,0,0
1214,分身普攻4,3,[0+0],50,200,1,[0+0+0],3,[0+0+0],1,1,350,0,1,100,1,[1224],[1224],[],[],[],[103],[],1,0,0,0
1301,精灵之光,3,[0+0],3000,3000,1,[0+0+0],5,[0+0+0],2,2,1301,100,500,300,9,[1301],[1302],[],[1301],[],[1302],[],1,0,0,5
1308,回春术,3,[0+0],3000,3000,1,[0+0+0],4,[0+0+0],2,1,130,100,500,300,1,[1308],[1309],[],[1301],[],[1302],[],1,0,0,5
1321,艾丽卡熊普攻1,4,[600+50000],400,400,1,[-100+-50+0],7,[0+0+0],2,2,1323,1,300,100,1,[1321],[1321],[],[],[],[],[107],1,0,0,0
1322,艾丽卡熊普攻2,4,[600+50000],470,470,1,[-100+-50+0],7,[0+0+0],2,2,1323,1,300,100,1,[1324],[1324],[],[],[],[],[107],1,0,0,0
1323,艾丽卡熊普攻3,4,[600+50000],400,400,1,[-100+-75+0],7,[0+0+0],2,2,1323,1,300,100,1,[1322],[1322],[],[],[],[],[107],1,0,0,0
1401,1技能子弹,4,[600+10000],5000,5000,1,[0+0+0],7,[0+0+0],2,2,1400,1,500,200,1,[1409],[],[],[1403],[],[],[1409],1,0,0,5
1403,1技能子弹不搜索印记,4,[600+10000],5000,5000,1,[0+0+0],7,[0+0+0],2,2,1402,1,500,200,1,[1410],[1480],[],[],[],[],[1409],1,0,0,1
1405,大招子弹1,4,[600+10000],15000,10000,1,[0+0+0],7,[0+0+0],2,2,1409,1,500,200,3,[1421],[],[],[1421],[],[1409],[],1,0,0,5
1406,大招子弹秒杀,4,[600+10000],15000,10000,1,[0+0+0],7,[0+0+0],2,2,1408,1,500,200,1,[1423],[],[],[],[],[1409],[],1,0,0,5
1407,大招子弹2,4,[600+10000],15000,10000,1,[0+0+0],7,[0+0+0],2,2,1409,1,500,200,3,[1422],[],[],[1422],[],[1409],[],1,0,0,5
1408,大招子弹打召唤师,4,[600+10000],15000,10000,1,[0+0+0],7,[0+0+0],2,2,1410,1,500,200,3,[],[1492],[],[],[],[1409],[],1,0,0,5
1501,莱奥普攻斩击子弹,3,[0+0],200,500,1,[0+0+0],3,[0+0+0],1,2,1504,0,1,100,1,[1501],[1501],[],[],[],[],[1511],1,0,0,0
1502,气流斩子弹1斜向,4,[600+10000],5000,5000,1,[0+0+0],1,[400+-10+0],3,2,1503,1,1000,5,1,[1502],[1572],[],[1501],[],[],[1509],1,0,0,0
1503,气流斩子弹2横向,4,[600+10000],5000,5000,1,[0+0+0],1,[400+-10+0],3,2,1503,1,1000,5,1,[1502],[1572],[],[1502],[],[],[1509],1,0,0,0
1504,气流斩子弹3正向,4,[600+10000],5000,5000,1,[0+0+0],1,[400+-10+0],3,2,1503,1,1000,5,1,[1502],[1572],[],[1503],[],[],[1509],1,0,0,0
1505,气流斩终结子弹,4,[600+10000],5000,5000,1,[0+0+0],1,[400+-10+0],2,2,1503,1,1000,5,1,[1503],[1573],[],[1504],[],[],[1509],1,0,0,0
1506,气流斩空子弹,4,[600+10000],5000,5000,1,[0+0+0],1,[400+-10+0],0,0,0,0,0,0,0,[],[],[],[],[],[],[],1,0,0,0
1507,觉醒气流斩子弹1斜向,4,[600+10000],5000,5000,1,[0+0+0],1,[400+-10+0],3,2,1503,1,1000,5,1,[1502],[1572],[],[1506],[],[],[1509],1,0,0,0
1508,觉醒气流斩子弹3正向,4,[600+10000],5000,5000,1,[0+0+0],1,[400+-10+0],3,2,1503,1,1000,5,1,[1502],[1572],[],[1507],[],[],[1509],1,0,0,0
1509,莱奥普攻划刀提刀子弹1,3,[0+0],200,500,1,[0+0+0],3,[0+0+0],1,2,1504,0,1,100,1,[1505],[1505],[],[],[],[],[1511],1,0,0,0
1510,莱奥普攻蓄力斩击子弹,3,[0+0],200,500,1,[0+0+0],3,[0+0+0],1,2,1504,0,1,100,1,[1506],[1506],[],[],[],[],[1512],1,0,0,0
1511,莱奥普攻划刀提刀子弹2,3,[0+0],200,500,1,[0+0+0],3,[0+0+0],1,2,1504,0,1,100,1,[1509],[1509],[],[],[],[],[1511],1,0,0,0
1512,莱奥普攻划刀提刀子弹4,3,[0+0],200,500,1,[0+0+0],3,[0+0+0],1,2,1504,0,1,100,1,[1510],[1510],[],[],[],[],[1511],1,0,0,0
1513,莱奥普攻斩击子弹5,3,[0+0],200,500,1,[0+0+0],3,[0+0+0],1,2,1504,0,1,100,1,[1511],[1511],[],[],[],[],[1511],1,0,0,0
1521,莱奥普攻1,3,[0+0],200,500,1,[0+0+0],3,[0+0+0],1,1,300,0,1,100,1,[1521],[1521],[],[],[],[12],[],1,0,0,0
1522,莱奥普攻2,3,[0+0],200,500,1,[0+0+0],3,[0+0+0],1,1,300,0,1,100,1,[1522],[1522],[],[],[],[12],[],1,0,0,0
1601,圣光领域对敌子弹,3,[800+0],1500,9200,1,[0+0+0],5,[0+0+0],2,2,1601,600,500,400,10,[],[],[1611+1],[],[1601],[],[],1,0,0,1
1602,圣光领域对友子弹,3,[800+0],1500,9200,1,[0+0+0],5,[0+0+0],2,2,1602,600,500,400,10,[],[],[1612+1],[],[],[],[],1,0,0,0
1603,圣光救赎,3,[800+0],1000,1000,1,[0+0+0],5,[0+0+0],2,2,1603,1,500,5,1,[1603],[],[],[1602],[1605],[],[],1,0,0,0
1604,圣光审判子弹1,4,[600+10000],10000,10000,1,[-60+30+50],7,[0+0+0],3,2,1604,1,500,5,1,[1604],[1674],[1603+1],[1603],[],[],[1604],1,0,0,0
1605,圣光审判子弹2,4,[600+10000],10000,10000,1,[-60+60+50],7,[0+0+0],3,2,1604,1,500,5,1,[1604],[1674],[1603+1],[1603],[],[],[1604],1,0,0,0
1606,圣光审判子弹3,4,[600+10000],10000,10000,1,[-60+90+50],7,[0+0+0],3,2,1604,1,500,5,1,[1604],[1674],[1603+1],[1603],[],[],[1604],1,0,0,0
10000,勇士普攻,3,[0+0],50,200,1,[0+0+0],3,[0+0+0],1,1,300,0,1,100,1,[10000],[10000],[],[],[],[12],[],1,0,0,0
10001,勇士跳劈,3,[0+0],50,200,1,[0+0+0],3,[0+0+0],1,1,300,0,1,100,1,[10001],[10002],[],[],[],[],[],1,0,0,0
10200,火枪手普攻,4,[1000+50000],10000,10000,1,[18+0+0],1,[100+0+0],3,2,30,0,500,5,1,[10200],[10200],[],[10201],[],[],[10203],1,0,0,0
10201,加农炮,4,[1000+50000],10000,10000,1,[18+0+0],1,[100+0+0],3,2,30,0,500,5,1,[10201],[10201],[],[10202],[],[],[10204],1,0,0,0
10301,盗贼连招1,3,[0+0],50,200,1,[0+0+0],3,[0+0+0],1,1,350,0,1,100,1,[10301],[10307],[],[],[],[10303],[],1,0,0,0
10302,盗贼连招2,3,[0+0],50,200,1,[0+0+0],3,[0+0+0],1,1,350,0,1,100,1,[10302],[10307],[],[],[],[10303],[],1,0,0,0
10303,盗贼连招3,3,[0+0],50,200,1,[0+0+0],3,[0+0+0],1,1,350,0,1,100,1,[10303],[10307],[],[],[],[10303],[],1,0,0,0
10304,盗贼连招4-飞腿,3,[0+0],50,200,1,[0+0+0],3,[0+0+0],1,1,350,0,1,100,1,[10304],[10307],[],[],[],[10303],[],1,0,0,0
10305,盗贼普攻己方召唤师加水晶子弹,3,[0+0],50,200,1,[0+0+0],3,[0+0+0],1,2,2,0,999,0,1,[],[10311],[],[],[],[],[],1,0,0,0
10306,盗贼普攻敌方掉水晶特效,3,[0+0],50,200,1,[0+0+0],3,[0+0+0],1,2,3,0,999,0,1,[],[10312],[10314+1],[],[],[],[],1,0,0,0
10401,铁匠普攻,1,[500+-1500],12000,15000,1,[0+0+0],3,[0+0+0],1,1,130,0,1,100,1,[10401],[10401],[],[10401],[],[10402],[],1,0,0,0
10500,普攻（物理）,3,[0+0],50,200,1,[0+0+0],3,[0+0+0],1,1,300,0,1,100,1,[10500],[10500],[],[],[],[106],[],1,0,0,0
10501,普攻（魔法）,3,[0+0],50,200,1,[0+0+0],3,[0+0+0],1,1,300,0,1,100,1,[10501],[10502],[],[],[],[106],[],1,0,0,0
10601,维京人普攻,3,[0+0],50,800,1,[0+0+0],3,[0+0+0],1,1,130,500,1,100,1,[10601],[10601],[],[],[],[106],[],1,0,0,0
10602,维京人冲锋撞击,3,[0+0],50,500,1,[0+0+0],3,[0+0+0],1,1,300,300,1,100,1,[10602],[10602],[],[],[],[],[],1,0,0,0
10701,大火球,4,[600+50000],10000,5000,1,[20+-10+0],1,[100+0+0],3,2,30,0,500,5,1,[10701],[10701],[],[10703],[],[],[10704],1,0,0,0
10702,火球范围燃烧,4,[600+50000],10000,3000,1,[20+-10+0],7,[0+0+0],3,2,10703,0,500,5,1,[],[],[10701+1],[],[],[],[],1,0,0,0
10900,牧师普攻,4,[800+50000],1500,1500,1,[20+0+0],4,[0+0+0],3,2,30,0,500,5,1,[10900],[10900],[],[10901],[],[10902],[],1,0,0,0
10901,治疗,3,[0+0],200,1000,1,[0+0+0],3,[0+0+0],1,1,130,1,1,100,1,[10901],[10901],[10903+1],[],[],[],[],1,0,0,0
10902,牧师战吼-最大生命值,3,[0+0],50,200,1,[0+0+0],3,[0+0+0],1,1,50,0,1,0,1,[],[],[10905+1],[],[],[],[],1,0,0,0
11000,骑士普攻,3,[0+0],50,200,1,[0+0+0],3,[0+0+0],1,1,350,0,1,100,1,[11000],[11000],[],[],[],[],[],1,0,0,0
11001,冲锋撞击,3,[0+0],50,200,1,[0+0+0],3,[0+0+0],1,1,350,0,1,100,1,[11001],[11001],[],[],[],[106],[],1,0,0,0
11002,骑士领袖（最大生命值和物抗）,3,[0+0],50,200,1,[0+0+0],3,[0+0+0],1,1,50,0,1,0,1,[11010],[],[],[],[],[],[],1,0,0,0
11101,影舞者普攻1,3,[0+0],50,1000,1,[0+0+0],3,[0+0+0],1,1,300,0,1,100,1,[11101],[11101],[],[],[],[11100],[],1,0,0,0
11102,影舞者普攻2,3,[0+0],50,1000,1,[0+0+0],3,[0+0+0],1,1,300,0,1,100,1,[11102],[11102],[],[],[],[],[],1,0,0,0
11103,影舞者普攻3,3,[0+0],50,1000,1,[0+0+0],3,[0+0+0],1,1,300,0,1,100,1,[11103],[11103],[],[],[],[11103],[],1,0,0,0
11104,刀扇子弹,3,[0+0],50,1000,1,[0+0+0],3,[0+0+0],1,2,11104,0,1,100,1,[11104],[11104],[],[],[],[],[11103],1,0,0,0
11105,影舞者普攻己方召唤师加水晶子弹,3,[0+0],50,200,1,[0+0+0],3,[0+0+0],1,2,2,0,999,0,1,[],[11105],[],[],[],[],[],1,0,0,0
11106,影舞者普攻敌方掉水晶,3,[0+0],50,200,1,[0+0+0],3,[0+0+0],1,2,3,0,999,0,1,[],[11106],[11104+1],[],[],[],[],1,0,0,0
11200,盗贼小妹普攻,3,[0+0],50,1000,1,[0+0+0],3,[0+0+0],1,1,300,0,1,100,1,[11200],[11200],[],[],[],[],[103],1,0,0,0
11300,盗墓小弟普攻,3,[0+0],50,1000,1,[0+0+0],3,[0+0+0],1,1,300,0,1,100,1,[11300],[11300],[],[],[],[],[104],1,0,0,0
11301,盗墓小弟普攻,3,[0+0],50,1000,1,[0+0+0],3,[0+0+0],1,1,300,0,1,100,1,[11300],[11300],[],[],[],[],[104],1,0,0,0
11400,爆破工普攻,1,[600+-550],1500,2000,1,[0+0+0],3,[-20+0+0],3,1,60,1,500,5,1,[11400],[11400],[],[11401],[],[],[11402],1,0,0,0
11501,爆破工死亡伤害,3,[0+0],2500,2500,1,[0+0+0],5,[0+0+0],2,2,11401,2300,100,100,1,[11502],[11503],[],[],[],[],[11402],1,0,0,5
11502,爆破工死亡击飞,3,[0+0],2500,2500,1,[0+0+0],5,[0+0+0],2,2,11402,2300,100,100,1,[11501],[11501],[],[],[],[],[],1,0,0,5
11600,黑衣刀手普攻,3,[0+0],50,1000,1,[0+0+0],3,[0+0+0],1,1,300,0,1,100,1,[11600],[11600],[],[],[],[],[12],1,0,0,0
11700,黑衣镖手普攻,4,[800+50000],10000,10000,1,[-180+-40+0],4,[0+-30+0],3,2,30,0,500,5,1,[11700],[11700],[],[11700],[],[],[11701],1,0,0,0
12000,盾妹普攻,3,[0+0],50,200,1,[0+0+0],3,[0+0+0],1,1,300,0,1,100,1,[10000],[10000],[],[],[],[12],[],1,0,0,0
20001,狼人二连击1号子弹,3,[0+0],50,1000,1,[0+0+0],3,[0+0+0],1,1,300,0,1,100,1,[20021],[20021],[20007+1],[],[],[106],[],1,0,0,0
20002,狼人二连击2号子弹,3,[0+0],50,1000,1,[0+0+0],3,[0+0+0],1,1,300,0,1,100,1,[20021],[20021],[20007+1],[],[],[106],[],1,0,0,0
20003,狼人怒意攻击子弹,3,[0+0],50,1000,1,[0+0+0],3,[0+0+0],1,1,300,0,1,100,1,[20022],[20022],[20007+1],[],[],[106],[],1,0,0,0
20501,酋长踩踏,3,[0+0],50,1000,1,[0+0+0],5,[0+0+0],2,2,20501,1,1,100,1,[20507],[20507],[],[],[20502],[105],[],1,0,0,0
20502,酋长挥击,3,[0+0],50,1000,1,[0+0+0],3,[0+0+0],2,1,50,1,1,100,1,[20508],[20508],[],[],[],[105],[],1,0,0,0
20504,普攻,3,[0+0],50,1000,1,[0+0+0],3,[0+0+0],2,1,50,1,1,100,1,[20510],[20510],[],[],[],[105],[],1,0,0,0
20505,战争践踏,3,[0+0],50,1000,1,[0+0+0],5,[0+0+0],2,2,20502,1,1,100,1,[20511],[20511],[],[],[20510],[105],[],1,0,0,0
20910,燃烧弹普攻子弹,1,[600+-1300],0,5000,1,[0+0+0],5,[0+0+0],1,2,20901,1,1,100,1,[20910],[20910],[],[],[],[],[],1,0,0,0
20911,投石机地面燃烧子弹,1,[600+-1300],0,10000,1,[0+0+0],5,[0+0+0],1,2,20901,1,5,500,10,[20911],[20911],[],[20902],[20905],[],[],0,0,0,0
20916,投石机普攻子弹,1,[600+-1300],0,5000,1,[0+0+0],5,[0+0+0],1,2,20901,1,1,100,1,[20916],[20916],[],[20906],[20903],[],[],0,0,0,0
21100,野猪普攻,3,[0+0],50,1000,1,[0+0+0],3,[0+0+0],1,1,300,0,1,100,1,[21100],[21100],[],[],[],[],[106],1,0,0,5
21201,黑熊普攻1,3,[0+0],50,1000,1,[0+0+0],3,[0+0+0],1,1,300,0,1,100,1,[21201],[21201],[],[],[],[],[107],1,0,0,5
21202,黑熊普攻2,3,[0+0],50,1000,1,[0+0+0],3,[0+0+0],1,1,300,0,1,100,1,[21202],[21202],[],[],[],[],[107],1,0,0,5
21301,灰狼普攻1,3,[0+0],50,1000,1,[0+0+0],3,[0+0+0],1,1,300,0,1,100,1,[21301],[21301],[],[],[],[],[106],1,0,0,5
21302,灰狼普攻2,3,[0+0],50,1000,1,[0+0+0],3,[0+0+0],1,1,300,0,1,100,1,[21302],[21302],[],[],[],[],[106],1,0,0,5
30001,小精灵自爆（友军）,3,[0+0],50,1000,1,[0+0+0],5,[0+0+0],2,2,30001,1,1,100,1,[30001],[30001],[30001+1],[],[30001],[30002],[],1,0,0,5
30002,小精灵自爆（敌军）,3,[0+0],50,1000,1,[0+0+0],5,[0+0+0],1,2,30002,1,1,100,1,[30002],[30002],[],[],[],[30003],[],1,0,0,5
30003,小精灵自爆（召唤师）,3,[0+0],50,1000,1,[0+0+0],5,[0+0+0],1,2,2,1,1,100,1,[30003],[30003],[],[],[],[30002],[],1,0,0,5
30101,精灵弓箭手普攻,4,[800+0],10000,10000,1,[30+0+0],1,[5000+0+0],3,2,30,1,2000,5,1,[30101],[30101],[],[30101],[],[],[105],1,0,0,0
30102,箭雨子弹,3,[0+0],1800,1800,1,[0+0+0],4,[0+0+0],2,2,30104,1,2000,200,9999,[30102],[30102],[],[30111+30112],[],[],[],1,0,0,1
30103,箭雨子弹,3,[0+0],600,600,1,[0+0+0],4,[0+0+0],0,0,0,1,0,0,0,[],[],[],[30113+30114],[],[],[],1,0,0,5
30104,箭雨子弹,3,[0+0],800,800,1,[0+0+0],4,[0+0+0],0,0,0,1,0,0,0,[],[],[],[30115+30116],[],[],[],1,0,0,1
30105,箭雨子弹,3,[0+0],1000,1000,1,[0+0+0],4,[0+0+0],0,0,0,1,0,0,0,[],[],[],[30117+30118],[],[],[],1,0,0,1
30106,箭雨子弹,3,[0+0],1200,1200,1,[0+0+0],4,[0+0+0],0,0,0,1,0,0,0,[],[],[],[30119+30120],[],[],[],1,0,0,1
30107,箭雨子弹,3,[0+0],1400,1400,1,[0+0+0],4,[0+0+0],0,0,0,1,0,0,0,[],[],[],[30121+30122],[],[],[],1,0,0,5
30108,箭雨子弹,3,[0+0],1800,1800,1,[0+0+0],4,[0+0+0],0,0,0,1,0,0,0,[],[],[],[30123+30124],[],[],[],1,0,0,5
30113,灵动击退子弹,4,[800+0],10000,10000,1,[30+0+0],1,[5000+0+0],3,2,30,1,2000,5,1,[30113],[30113],[],[30101],[],[],[105],1,0,0,0
30312,群星坠落子弹1,3,[0+0],410,900,1,[0+0+0],4,[-100+40+0],1,2,30306,1,1,100,1,[30307],[30307],[],[30307],[30312],[],[],1,0,0,1
30313,群星坠落子弹1,3,[0+0],410,900,1,[0+0+0],4,[100+40+0],1,2,30306,1,1,100,1,[30307],[30307],[],[30317],[30312],[],[],1,0,0,1
30314,群星坠落子弹1,3,[0+0],410,900,1,[0+0+0],4,[-200+-30+0],1,2,30306,1,1,100,1,[30307],[30307],[],[30307],[30308],[],[],1,0,0,5
30315,群星坠落子弹1,3,[0+0],410,900,1,[0+0+0],4,[0+-30+0],1,2,30306,1,1,100,1,[30307],[30307],[],[30317],[30308],[],[],1,0,0,5
30316,群星坠落子弹1,3,[0+0],410,900,1,[0+0+0],4,[200+-30+0],1,2,30306,1,1,100,1,[30307],[30307],[],[30307],[30308],[],[],1,0,0,5
30317,群星坠落子弹1,3,[0+0],410,900,1,[0+0+0],4,[-100+-100+0],1,2,30306,1,1,100,1,[30307],[30307],[],[30317],[30308],[],[],1,0,0,5
30318,群星坠落子弹1,3,[0+0],410,900,1,[0+0+0],4,[100+-100+0],1,2,30306,1,1,100,1,[30307],[30307],[],[30307],[30308],[],[],1,0,0,5
30401,水元素极度深寒普攻子弹,4,[800+5000],10000,5000,1,[0+0+0],1,[100+0+0],3,2,30,0,200,5,1,[30413],[30413],[30406+1],[30401],[],[],[30402],1,0,0,0
30406,水元素范围减速子弹,4,[800+5000],10000,3000,1,[0+0+0],1,[100+0+0],3,2,30400,0,200,5,1,[],[],[30401+1],[],[],[],[],1,0,0,0
30501,夜刃普攻子弹,3,[0+0],50,1000,1,[0+0+0],3,[0+0+0],1,1,300,0,1,100,1,[30501],[30501],[],[16],[],[103],[],1,0,0,0
30508,破隐一击正常子弹,3,[0+0],50,1000,1,[0+0+0],3,[0+0+0],1,1,300,0,1,100,1,[30508],[30508],[],[],[],[30502],[],1,0,0,0
30509,破隐一击附加子弹,3,[0+0],50,1000,1,[0+0+0],3,[0+0+0],1,1,300,0,1,100,1,[30509],[30509],[],[],[],[],[],1,0,0,0
30604,炽焰龙息子弹,4,[1000+800],600,600,1,[-140+0+0],4,[500+0+0],2,2,30602,0,500,5,1,[30603],[30603],[],[],[],[30604],[],1,0,0,0
30605,炽焰龙息子弹(持续),4,[1000+800],600,600,1,[-140+0+0],4,[500+0+0],2,2,30602,0,500,5,1,[30604],[30604],[],[],[],[30604],[],1,0,0,0
30700,石头人普攻,3,[0+0],50,1000,1,[0+0+0],3,[0+0+0],1,1,300,0,1,100,1,[30700],[30700],[],[],[],[30700],[],1,0,0,0
30701,石头人捶地,3,[0+0],50,1000,1,[0+0+0],3,[0+0+0],1,1,300,0,1,100,1,[30701],[30701],[],[],[],[106],[],1,0,0,0
30801,海巨人普攻带击飞,3,[0+0],50,1000,1,[0+0+0],3,[0+0+0],1,1,300,0,1,100,1,[30801],[30801],[],[],[],[30801],[],1,0,0,0
30802,飞锚,3,[0+0],50,200,1,[0+0+0],1,[700+0+0],1,2,30802,1,1,100,1,[30802],[30802],[],[],[],[30802],[],1,0,0,0
30821,龙卷风Lv1第1发子弹,3,[0+0],50,200,1,[0+0+0],1,[0+0+0],1,2,30804,1,1,1,1,[30820],[30820],[],[],[],[30803],[],1,0,0,0
30901,大树普攻1,3,[0+0],50,1000,1,[0+0+0],3,[0+0+0],1,1,300,0,1,100,1,[30901],[30901],[],[],[30904],[],[],1,0,0,0
30902,大树普攻2,3,[0+0],50,1000,1,[0+0+0],3,[0+0+0],1,1,300,0,1,100,1,[30902],[30902],[],[],[30904],[],[],1,0,0,0
31002,精灵女王子弹,4,[400+5000],10000,5000,1,[0+0+0],1,[100+0+0],3,2,30,0,200,5,1,[31002],[31002],[],[31001],[],[],[],1,0,0,0
31101,火元素攻击子弹,3,[0+0],50,1000,1,[0+0+0],3,[0+0+0],1,1,300,0,1,100,1,[31102],[31102],[31101+1],[],[],[31102],[],1,0,0,0
40001,骷髅战士普攻,3,[0+0],50,200,1,[0+0+0],3,[0+0+0],1,1,300,0,1,100,1,[40001],[40001],[],[],[],[12],[],1,0,0,0
40003,骷髅战士普攻加诅咒新,3,[0+0],50,200,1,[0+0+0],3,[0+0+0],1,1,300,0,1,100,1,[40001],[40001],[404+1],[],[],[12],[],1,0,0,0
40101,僵尸普攻,4,[0+0],50,200,1,[0+0+0],3,[0+0+0],1,1,300,0,1,100,1,[40101],[40101],[],[],[],[106],[],1,0,0,0
40102,僵尸毒雾,3,[0+0],50,200,1,[0+0+0],3,[0+0+0],1,2,40102,0,1,100,1,[],[],[40101+1]*[40102+1],[],[],[],[],1,0,0,0
40203,骷髅弓手普攻,4,[600+0],10000,10000,1,[0+0+0],2,[2000+0+0],3,2,31,0,2000,5,1,[40201],[40201],[],[40203],[],[],[105],1,0,0,0
40207,骷髅弓手普攻加诅咒,4,[600+0],10000,10000,1,[0+0+0],2,[2000+0+0],3,2,40201,0,2000,5,1,[40201],[40201],[404+1],[40203],[],[],[105],1,0,0,0
40301,幽灵普攻,4,[0+0],50,200,1,[0+0+0],3,[0+0+0],1,1,300,0,1,100,1,[40301],[40301],[],[],[],[106],[],1,0,0,0
40402,骷髅召唤师蓝色召唤阵,3,[0+0],100,3000,1,[0+0+0],2,[225+0+0],2,0,0,0,0,0,0,[],[],[],[],[40402],[],[],1,0,0,1
40403,骷髅召唤师蓝色召唤阵上方光芒,3,[0+0],3000,3000,1,[0+0+0],2,[225+0+0],2,0,0,0,0,0,0,[],[],[],[40403],[],[],[],1,0,0,0
40404,骷髅召唤师紫色召唤阵,3,[0+0],100,3000,1,[0+0+0],2,[225+0+0],2,0,0,0,0,0,0,[],[],[],[],[40404],[],[],1,0,0,1
40406,骷髅召唤师灵魂火,4,[600+50000],5000,5000,1,[0+0+0],5,[0+0+0],3,2,30,0,2000,50,1,[],[],[40416+1],[40401],[],[],[40405],1,0,0,0
40501,雪女风吹雪,3,[0+0],500,700,1,[0+0+0],1,[350+0+0],1,2,40503,1,1,100,1,[40513],[40513],[2+1]*[4+1],[],[],[40501],[],1,0,0,0
40509,冰天雪地减速子弹,3,[0+0],100,10000,1,[0+0+0],1,[0+0+0],1,2,40506,1,10,1000,1,[],[],[2+1]*[4+1]*[404+1],[],[],[],[],1,0,0,0
40510,雪女风吹雪特效子弹,3,[0+0],500,700,1,[0+0+0],1,[350+0+0],1,2,40507,1,1,100,1,[],[],[40501+1],[],[],[],[],1,0,0,0
40600,屠夫普攻,3,[0+0],50,200,1,[0+0+0],3,[0+0+0],1,1,350,0,1,100,1,[40600],[40600],[],[],[],[40601],[],1,0,0,0
40601,疯砍,3,[0+0],50,200,1,[0+0+0],3,[0+0+0],1,1,350,0,1,0,1,[40601],[40601],[],[],[],[40602],[],1,0,0,0
40701,死亡骑士普攻1,3,[0+0],50,1000,1,[0+0+0],3,[0+0+0],1,1,300,0,1,100,1,[40701],[40701],[],[],[],[],[104],1,0,0,0
40702,死亡骑士普攻2,3,[0+0],50,1000,1,[0+0+0],3,[0+0+0],1,1,300,0,1,100,1,[40702],[40702],[],[],[],[],[104],1,0,0,0
40800,巫妖摄魂,3,[0+0],400,5000,1,[0+0+0],4,[0+0+0],1,2,40806,500,1,100,1,[40800],[40800],[40821+1],[],[],[],[],1,0,0,0
40806,巫妖技能1地上效果,3,[0+0],400,5000,1,[0+0+0],4,[0+0+0],1,2,40803,500,1,100,1,[40806],[40806],[],[],[40800],[],[],1,0,0,0
40900,吸血鬼普攻1,3,[0+0],50,1000,1,[0+0+0],3,[0+0+0],1,1,300,0,1,100,1,[40900],[40900],[],[],[],[],[],1,0,0,0
40901,吸血鬼鲜血之鞭一击,3,[0+0],50,1000,1,[0+0+0],1,[190+0+0],1,2,40901,0,1,100,1,[40901],[40901],[],[],[],[],[],1,0,0,0
40906,吸血鬼普攻2,3,[0+0],50,1000,1,[0+0+0],3,[0+0+0],1,1,300,0,1,100,1,[40914],[40914],[],[],[],[],[],1,0,0,0
40908,吸血鬼诅咒绞杀1,3,[0+0],50,1000,1,[0+0+0],3,[0+0+0],1,2,40903,0,1,100,1,[40900],[40900],[40912+1],[],[],[],[],1,0,0,0
40909,吸血鬼诅咒绞杀2,3,[0+0],50,1000,1,[0+0+0],3,[0+0+0],1,2,40903,0,1,100,1,[40914],[40914],[40912+1],[],[],[],[],1,0,0,0
40911,吸血鬼鲜血之鞭二击,3,[0+0],50,1000,1,[0+0+0],1,[190+0+0],1,2,40901,0,1,100,1,[40921],[40921],[],[],[],[],[],1,0,0,0
41001,黑寡妇普攻,4,[800+0],10000,10000,1,[0+0+0],2,[2000+0+0],3,2,31,0,2000,5,1,[41001],[41001],[41001+1],[41000],[],[41001],[],1,0,0,0
41002,黑寡妇喷毒,3,[0+0],500,700,1,[0+0+0],2,[280+0+0],1,2,41001,1,1,100,1,[41006],[],[41001+1],[],[],[],[],1,0,0,0
41003,黑寡妇毒雾,3,[0+0],50,200,1,[0+0+0],3,[0+0+0],1,2,41002,0,1,100,1,[],[],[41002+1]*[41003+1],[],[],[],[],1,0,0,0
91501,莱奥普攻斩击子弹,3,[0+0],200,500,1,[0+0+0],3,[0+0+0],1,2,1504,0,1,0,1,[91501],[91501],[],[],[],[],[1511],1,0,0,0
91509,莱奥普攻划刀提刀子弹1,3,[0+0],200,500,1,[0+0+0],3,[0+0+0],1,2,1504,0,1,0,1,[91505],[91505],[],[],[],[],[1511],1,0,0,0
91510,莱奥普攻蓄力斩击子弹,3,[0+0],200,500,1,[0+0+0],3,[0+0+0],1,2,1504,0,1,0,1,[91506],[91506],[],[],[],[],[],1,0,0,0
91511,莱奥普攻划刀提刀子弹2,3,[0+0],200,500,1,[0+0+0],3,[0+0+0],1,2,1504,0,1,0,1,[91509],[91509],[],[],[],[],[1511],1,0,0,0
91512,莱奥普攻划刀提刀子弹4,3,[0+0],200,500,1,[0+0+0],3,[0+0+0],1,2,1504,0,1,0,1,[91510],[91510],[],[],[],[],[1511],1,0,0,0
91513,莱奥普攻斩击子弹5,3,[0+0],200,500,1,[0+0+0],3,[0+0+0],1,2,1504,0,1,0,1,[91511],[91511],[],[],[],[],[1511],1,0,0,0
91521,莱奥普攻斩击子弹,3,[0+0],200,500,1,[0+0+0],3,[0+0+0],1,2,1504,0,1,0,1,[91521],[91521],[],[],[],[],[1511],1,0,0,0
91522,气流斩子弹1斜向,4,[600+10000],5000,5000,1,[0+0+0],1,[400+-10+0],3,2,1503,1,1000,5,1,[91522],[91592],[],[1501],[],[],[1509],1,0,0,0
91523,气流斩子弹2横向,4,[600+10000],5000,5000,1,[0+0+0],1,[400+-10+0],3,2,1503,1,1000,5,1,[91522],[91592],[],[1502],[],[],[1509],1,0,0,0
91524,气流斩子弹3正向,4,[600+10000],5000,5000,1,[0+0+0],1,[400+-10+0],3,2,1503,1,1000,5,1,[91522],[91592],[],[1503],[],[],[1509],1,0,0,0
91525,气流斩终结子弹,4,[600+10000],5000,5000,1,[0+0+0],1,[400+-10+0],2,2,1503,1,1000,5,1,[91523],[91593],[],[1504],[],[],[1509],1,0,0,0
91526,气流斩空子弹,4,[600+10000],5000,5000,1,[0+0+0],1,[400+-10+0],0,0,0,0,0,0,0,[],[],[],[],[],[],[],1,0,0,0
91527,觉醒气流斩子弹1斜向,4,[600+10000],5000,5000,1,[0+0+0],1,[400+-10+0],3,2,1503,1,1000,5,1,[91522],[91592],[],[1506],[],[],[1509],1,0,0,0
91528,觉醒气流斩子弹3正向,4,[600+10000],5000,5000,1,[0+0+0],1,[400+-10+0],3,2,1503,1,1000,5,1,[91522],[91592],[],[1507],[],[],[1509],1,0,0,0
91529,莱奥普攻划刀提刀子弹1,3,[0+0],200,500,1,[0+0+0],3,[0+0+0],1,2,1504,0,1,0,1,[91525],[91525],[],[],[],[],[1511],1,0,0,0
91530,莱奥普攻蓄力斩击子弹,3,[0+0],200,500,1,[0+0+0],3,[0+0+0],1,2,1504,0,1,0,1,[91526],[91526],[],[],[],[],[1512],1,0,0,0
91531,莱奥普攻划刀提刀子弹2,3,[0+0],200,500,1,[0+0+0],3,[0+0+0],1,2,1504,0,1,0,1,[91529],[91529],[],[],[],[],[1511],1,0,0,0
91532,莱奥普攻划刀提刀子弹4,3,[0+0],200,500,1,[0+0+0],3,[0+0+0],1,2,1504,0,1,0,1,[91530],[91530],[],[],[],[],[1511],1,0,0,0
91533,莱奥普攻斩击子弹5,3,[0+0],200,500,1,[0+0+0],3,[0+0+0],1,2,1504,0,1,0,1,[91531],[91531],[],[],[],[],[1511],1,0,0,0
100101,骨龙龙息子弹,1,[2500+0],1000,1000,1,[0+0+0],1,[10000+0+0],2,2,100101,0,20,50,1,[100101],[100101],[],[],[],[],[],1,0,0,0
100102,骨龙激光炮弹子弹（最高伤害）,3,[0+0],500,500,1,[0+0+0],1,[0+0+0],2,2,100102,0,10,50,1,[100102],[100103],[],[],[],[],[],1,0,0,0
101301,普攻子弹1,4,[1000+0],300,400,1,[0+0+0],7,[0+-20+0],3,1,50,1,300,3,1,[101301],[101301],[],[],[],[],[103],1,0,0,0
101302,普攻子弹2,4,[1000+0],300,400,1,[0+0+0],7,[0+-20+0],3,1,50,1,300,3,1,[101302],[101302],[],[],[],[],[103],1,0,0,0
101303,手里剑,4,[1000+0],4000,4000,1,[20+20+0],7,[800+60+0],3,2,30,1,500,5,1,[101303],[101304],[],[100402],[],[12],[],1,0,0,5
101401,骷髅召唤师普攻,4,[600+50000],3000,3000,1,[0+0+0],1,[1000+0+0],3,2,30,0,500,50,1,[101401],[101401],[],[40401],[],[],[12],1,0,0,0
101404,骷髅召唤师蓝色召唤阵,3,[0+0],3000,3000,1,[0+0+0],2,[225+0+0],2,0,0,0,0,0,0,[],[],[],[40402],[],[],[],1,0,0,0
101405,骷髅召唤师蓝色召唤阵上方光芒,3,[0+0],3000,3000,1,[0+0+0],2,[225+0+0],2,0,0,0,0,0,0,[],[],[],[40403],[],[],[],1,0,0,0
101406,石头人AOE普攻,3,[0+0],50,1000,1,[0+0+0],3,[0+0+0],1,1,350,0,1,0,1,[101406],[101406],[],[],[],[],[30700],1,0,0,0
101801,普攻子弹1,4,[1000+0],300,400,1,[0+-20+0],1,[150+0+0],3,2,101804,1,300,3,1,[101801],[101801],[],[],[],[],[100202],1,0,0,0
101802,普攻子弹2,4,[1000+0],300,400,1,[0+-20+0],1,[150+0+0],3,1,50,1,300,5,1,[101802],[101802],[],[],[],[],[100202],1,0,0,0
102203,圣光审判,3,[800+0],1000,1000,1,[0+0+0],4,[0+0+0],2,2,102203,5,500,5,1,[102203],[102203],[],[1602],[],[],[],1,0,0,0
102301,熊怪普攻子弹1,4,[0+0],50,200,1,[0+0+0],3,[0+0+0],1,1,300,1,1,0,1,[102302],[102302],[],[],[],[107],[],1,0,0,0
102302,熊怪普攻子弹2,4,[0+0],50,200,1,[0+0+0],3,[0+0+0],1,1,300,1,1,0,1,[102303],[102303],[],[],[],[107],[],1,0,0,0
102303,熊怪连击子弹,4,[0+0],50,200,1,[0+0+0],3,[0+0+0],1,1,300,1,1,0,1,[102304],[102304],[],[],[],[107],[],1,0,0,0
102400,爆破工普攻,1,[600+-550],1500,2000,1,[0+0+0],3,[-20+0+0],3,1,60,1,500,5,1,[102400],[102400],[],[11401],[],[],[11402],1,0,0,0
102501,蜘蛛BOSS普攻,4,[1000+50000],1500,2000,1,[20+100+0],3,[0+0+0],3,1,60,1,500,5,1,[102501],[102501],[],[101901],[],[],[101902],1,0,0,2
102502,小蜘蛛普攻,3,[0+0],50,200,1,[0+0+0],3,[0+0+0],1,1,300,0,1,0,1,[102502],[102502],[102509+1],[],[],[106],[],1,0,0,0
102503,蓝蜘蛛普攻,3,[0+0],50,200,1,[0+0+0],3,[0+0+0],1,1,300,0,1,0,1,[102503],[102503],[102511+1],[],[],[106],[],1,0,0,0
102504,红蜘蛛普攻,3,[0+0],50,200,1,[0+0+0],3,[0+0+0],1,1,300,0,1,0,1,[102504],[102504],[102510+1],[],[],[106],[],1,0,0,0
102505,坠落地刺,3,[800+0],1000,1000,1,[0+0+0],4,[0+0+0],2,2,102502,5,500,5,1,[102511],[102511],[],[],[101903],[],[],1,0,0,0
102561,蛛网束缚,3,[800+0],1000,1000,1,[0+0+0],4,[0+0+0],2,2,102501,800,500,5,1,[102561],[102561],[102561+1],[102505],[],[],[],1,0,0,0
103400,加农炮,4,[1000+50000],10000,10000,1,[18+0+0],5,[100+0+0],3,2,30,0,500,5,1,[10201],[10201],[],[10202],[],[],[10204],1,0,0,0
103403,吊灯伤害,3,[800+0],1000,800,1,[0+0+0],5,[0+0+0],2,2,103403,1,500,5,1,[103403],[103403],[],[310500],[],[],[],1,0,0,0
103900,手里剑,4,[1000+0],4000,4000,1,[20+20+0],7,[800+60+0],3,2,30,1,500,5,1,[103900],[103900],[103900+1],[100403],[],[],[12],1,0,0,5
104103,飞锚,3,[0+0],50,200,1,[0+0+0],1,[0+0+0],1,1,350,1,1,1,1,[104104],[104104],[],[],[],[30801],[],1,0,0,0
104105,龙卷风第1发子弹,3,[0+0],50,200,1,[0+0+0],1,[0+0+0],1,2,104103,1,1,1,1,[104105],[104105],[],[],[],[30802],[],1,0,0,0
104201,母牛普攻1,3,[0+0],50,1000,1,[0+0+0],3,[0+0+0],1,1,300,0,1,0,1,[104201],[104201],[],[],[],[12],[],1,0,0,0
104202,母牛普攻2（击飞）,3,[0+0],50,1000,1,[0+0+0],3,[0+0+0],1,2,104202,0,1,0,1,[104202],[104202],[],[],[20501],[12],[],1,0,0,0
104203,狂野践踏,3,[0+0],50,1000,1,[0+0+0],1,[0+0+0],2,2,104203,1,500,200,1,[104203],[104203],[],[],[20502],[],[],1,0,0,0
104401,死亡骑士普攻1,3,[0+0],50,1000,1,[0+0+0],3,[0+0+0],1,1,300,0,1,100,1,[104401],[104401],[],[],[],[],[104],1,0,0,0
104402,死亡骑士普攻2,3,[0+0],50,1000,1,[0+0+0],3,[0+0+0],1,1,300,0,1,100,1,[104402],[104402],[],[],[],[],[104],1,0,0,0
105301,狼人怒意攻击子弹,3,[0+0],50,1000,1,[0+0+0],3,[0+0+0],1,1,300,0,1,100,1,[20022],[20022],[20007+2],[],[],[106],[],1,0,0,0
105401,加农炮子弹,4,[1000+50000],10000,10000,1,[18+0+0],4,[0+0+0],3,2,30,0,500,5,1,[],[],[105401+1],[10202],[],[],[10204],1,0,0,0
105501,维京人普攻,3,[0+0],50,800,1,[0+0+0],3,[0+0+0],1,1,130,500,1,100,1,[10601],[105501],[],[],[],[106],[],1,0,0,0
105502,维京人冲锋撞击,3,[0+0],50,500,1,[0+0+0],3,[0+0+0],1,1,300,300,1,100,1,[105502],[10602],[105402+1]*[105403+1],[],[],[],[],1,0,0,0
105601,骑士击退普攻,3,[0+0],50,200,1,[0+0+0],3,[0+0+0],1,1,350,0,1,100,1,[105601],[105602],[105402+1]*[105403+1]*[105404+1],[],[],[],[],1,0,0,0
105602,冲锋秒杀,3,[0+0],50,200,1,[0+0+0],3,[0+0+0],1,1,350,0,1,100,1,[105603],[11001],[],[],[],[106],[],1,0,0,0
105603,圣盾术,3,[0+0],200,1000,1,[0+0+0],3,[0+0+0],1,1,130,0,1,100,1,[],[],[105603+1],[],[],[],[],1,0,0,0
105604,骑士普攻aoe,3,[0+0],50,200,1,[0+0+0],3,[0+0+0],1,2,105603,0,1,100,1,[105608],[105608],[],[],[],[],[],1,0,0,0
105801,灵动穿透击退箭,1,[800+0],10000,10000,1,[30+5+0],1,[5000+0+0],2,2,30,1,200,50,1,[105801],[105801],[],[105802],[],[],[105],1,0,0,0
105901,战争践踏Lv1,3,[0+0],50,1000,1,[0+0+0],1,[0+0+0],2,2,15,1,1,100,1,[105901],[105901],[],[],[20502],[],[],1,0,0,0
105902,牛头人普攻,3,[0+0],50,1000,1,[0+0+0],3,[0+0+0],2,1,50,1,1,100,1,[105902],[105902],[],[],[],[105],[],1,0,0,0
106001,僵尸普攻,4,[0+0],50,200,1,[0+0+0],3,[0+0+0],1,1,300,0,1,100,1,[106001],[106001],[106001+1],[],[],[106],[],1,0,0,0
106002,水元素极度深寒普攻子弹,4,[800+5000],10000,5000,1,[0+0+0],4,[0+0+0],3,2,30,0,200,5,1,[106003],[106003],[106007+1],[30401],[],[],[30402],1,0,0,0
106003,水元素范围减速子弹,4,[800+5000],10000,3000,1,[0+0+0],4,[0+0+0],3,2,30400,0,200,5,1,[],[],[106006+1],[],[],[],[],1,0,0,0
106004,毒雾-亡语,3,[0+0],5000,5000,1,[0+0+0],5,[0+0+0],2,2,106005,1,10000,1000,10000,[106010],[106010],[],[40102],[],[],[],1,0,0,5
106101,雪女风吹雪非冰冻击飞,3,[0+0],500,700,1,[0+0+0],1,[350+0+0],1,2,106101,1,1,0,1,[106101],[106101],[],[],[],[],[],1,0,0,0
106102,雪女风吹雪冰冻伤害,3,[0+0],500,700,1,[0+0+0],1,[350+0+0],1,2,106102,1,1,0,1,[106102],[106102],[],[],[],[],[],1,0,0,0
106103,雪女噬魂特效,3,[0+0],300,1000,1,[0+0+0],3,[0+0+0],1,1,2500,0,1,0,1,[106103],[106103],[],[],[],[],[],1,0,0,0
106201,巫妖技能1地上效果1,3,[0+0],400,5000,1,[0+0+0],1,[150+-250+0],1,2,106202,500,1,0,1,[40806],[40806],[],[],[106202],[],[],1,0,0,0
106202,巫妖技能1地上效果2,3,[0+0],400,5000,1,[0+0+0],1,[450+-250+0],1,2,106202,500,1,0,1,[40806],[40806],[],[],[106202],[],[],1,0,0,0
106203,巫妖技能1地上效果3,3,[0+0],400,5000,1,[0+0+0],1,[750+-250+0],1,2,106202,500,1,0,1,[40806],[40806],[],[],[106202],[],[],1,0,0,0
106204,巫妖技能1眩晕1,3,[0+0],400,5000,1,[0+0+0],1,[150+-250+0],1,2,106201,500,1,0,1,[106201],[106201],[],[],[],[],[],1,0,0,0
106205,巫妖技能1眩晕2,3,[0+0],400,5000,1,[0+0+0],1,[450+-250+0],1,2,106201,500,1,0,1,[106201],[106201],[],[],[],[],[],1,0,0,0
106206,巫妖技能1眩晕3,3,[0+0],400,5000,1,[0+0+0],1,[750+-250+0],1,2,106201,500,1,0,1,[106201],[106201],[],[],[],[],[],1,0,0,0
106301,红水元素极度深寒普攻子弹lv1,4,[800+5000],10000,5000,1,[0+0+0],4,[0+0+0],3,2,30,0,200,5,1,[106301],[106301],[],[106301],[],[],[106302],1,0,0,0
106302,分裂延时,3,[0+0],50,1000,1,[0+0+0],1,[0+0+0],1,1,10,1,1,0,1,[],[],[106301+1],[],[],[],[],1,0,0,0
106501,生命之藤缠绕,4,[400+50000],10000,10000,1,[0+0+0],1,[1000+0+0],3,1,80,0,200,50,1,[106501],[],[106501+1]*[106502+1]*[106503+1]*[106511+1],[],[],[],[],1,0,0,0
106502,藤蔓死亡子弹（弃用）,3,[0+0],400,400,1,[0+0+0],3,[0+0+0],3,1,5,0,8,100,1,[106503],[],[],[],[],[],[],1,0,0,0
106503,魔化之藤缠绕,4,[400+50000],10000,10000,1,[0+0+0],1,[1000+0+0],3,1,80,0,200,50,1,[106508],[],[106505+1]*[106506+1]*[106508+1]*[106511+1],[],[],[],[],1,0,0,0
106504,树魔普攻1,3,[0+0],50,1000,1,[0+0+0],3,[0+0+0],1,1,300,0,1,0,1,[106510],[106510],[],[],[],[106],[],1,0,0,0
106901,狼人普攻1,3,[0+0],50,1000,1,[0+0+0],3,[0+0+0],1,1,300,0,1,0,1,[106901],[106901],[106902+1],[],[],[106],[],1,0,0,0
106902,狼人普攻2,3,[0+0],50,1000,1,[0+0+0],3,[0+0+0],1,1,300,0,1,0,1,[106902],[106902],[106902+1],[],[],[106],[],1,0,0,0
106903,狼人普攻1,3,[0+0],50,1000,1,[0+0+0],3,[0+0+0],1,1,300,0,1,0,1,[106903],[106903],[106902+1],[],[],[106],[],1,0,0,0
106904,狼人普攻2,3,[0+0],50,1000,1,[0+0+0],3,[0+0+0],1,1,300,0,1,0,1,[106904],[106904],[106902+1],[],[],[106],[],1,0,0,0
106905,近战普攻流血子弹,3,[0+0],50,1000,1,[0+0+0],3,[0+0+0],3,2,106902,0,1,0,1,[],[],[106902+1],[],[],[],[],1,0,0,0
106906,远程普攻流血子弹,4,[800+5000],800,800,1,[0+0+0],3,[0+0+0],3,2,106902,0,200,5,1,[],[],[106902+1],[],[],[],[],1,0,0,0
107201,牛头人普攻1,3,[0+0],50,1000,1,[0+0+0],3,[0+0+0],1,1,300,0,1,0,1,[107201],[107201],[],[],[],[104],[],1,0,0,0
107202,牛头人普攻2,3,[0+0],50,1000,1,[0+0+0],3,[0+0+0],1,2,20901,0,1,0,1,[107202],[107202],[],[],[20501],[104],[],1,0,0,0
107203,战争践踏,3,[0+0],50,1000,1,[0+0+0],1,[0+0+0],2,2,15,1,1,5,1,[107203],[107203],[],[],[107207],[],[],1,0,0,0
107204,闪电子弹,1,[1200+-800],10000,5000,1,[0+0+0],3,[0+0+0],3,1,50,1,2000,5,1,[107205],[107205],[],[107403],[],[],[107404],1,0,0,5
107501,骑士普攻,3,[0+0],50,200,1,[0+0+0],3,[0+0+0],1,1,300,0,1,0,1,[107501],[107501],[],[],[],[106],[],1,0,0,0
107502,圣盾术,3,[0+0],200,1000,1,[0+0+0],3,[0+0+0],1,1,130,0,1,5,1,[],[],[107502+1],[],[],[],[],1,0,0,0
107503,鼓舞,3,[0+0],200,1000,1,[0+0+0],3,[0+0+0],1,1,130,0,1,5,1,[],[],[107505+1],[],[],[],[],1,0,0,0
107504,无敌,3,[0+0],200,1000,1,[0+0+0],3,[0+0+0],1,1,130,0,1,5,1,[],[],[107507+1],[],[],[],[],1,0,0,0
107801,普攻子弹1,4,[1000+0],300,400,1,[0+-20+0],1,[150+0+0],3,2,107804,1,300,3,1,[107801],[107801],[],[],[],[],[100202],1,0,0,0
107802,普攻子弹2,4,[1000+0],300,400,1,[0+-20+0],1,[150+0+0],3,1,50,1,300,5,1,[107802],[107802],[],[],[],[],[100202],1,0,0,0
107803,飞铲子弹,4,[2200+800],1300,1300,1,[0+0+0],1,[1000+0+0],2,2,107802,1,500,10,1,[107803],[107803],[],[],[],[100202],,1,0,0,0
107804,尸气弹子弹,1,[700+-700],3000,4000,1,[0+0+0],2,[1400+10+0],1,2,107803,1,1,0,1,[107804],[107804],[107801+1],[100203],[100204],[],[],1,0,0,5
108001,瘟疫使者普攻1,4,[1000+0],300,400,1,[0+-20+0],1,[150+0+0],3,1,50,1,300,5,1,[108001],[108001],[],[],[],[12],[],1,0,0,0
108002,瘟疫使者普攻2,4,[1000+0],300,400,1,[0+-20+0],1,[150+0+0],3,1,50,1,300,5,1,[108002],[108002],[],[],[],[12],[],1,0,0,0
108003,瘟疫减速子弹,3,[0+0],500,500,1,[0+0+0],1,[0+0+0],2,2,108001,0,10,100,1,[],[],[108001+1],[],[],[],[],1,0,0,0
108201,死亡之盾,3,[0+0],50,1000,1,[0+0+0],3,[0+0+0],1,1,300,0,1,100,1,[],[],[108202+1],[],[],[],[],1,0,0,0
108203,全场诅咒,3,[0+0],50,1000,1,[0+0+0],3,[0+0+0],1,1,300,0,1,100,1,[],[],[404+1],[],[],[],[],1,0,0,0
108207,死亡骑士普攻2,3,[0+0],50,1000,1,[0+0+0],3,[0+0+0],1,1,300,0,1,100,1,[108207],[40702],[],[],[],[],[104],1,0,0,0
108301,骨龙龙息子弹,1,[2500+0],1000,1000,1,[0+0+0],1,[10000+0+0],2,2,108301,0,20,100,1,[108301],[],[],[],[],[],[],1,0,0,0
108302,骨龙激光炮弹子弹（最高伤害）,3,[0+0],500,500,1,[0+0+0],1,[0+0+0],2,2,108302,0,10,100,1,[108302],[108303],[],[],[],[],[],1,0,0,0
108303,骨龙激光炮弹子弹（中等伤害）,3,[0+0],500,500,1,[0+0+0],1,[0+0+0],2,2,108302,0,10,100,1,[108304],[108305],[],[],[],[],[],1,0,0,0
108304,骨龙激光炮弹子弹（最低伤害）,3,[0+0],500,500,1,[0+0+0],1,[0+0+0],2,2,108302,0,10,100,1,[108306],[108307],[],[],[],[],[],1,0,0,0
108701,能量箭,1,[800+0],10000,10000,1,[30+0+0],1,[5000+0+0],3,2,31,1,2000,5,1,[108701],[108701],[],[108703],[],[],[105],1,0,0,0
108702,燃烧弹普攻子弹,1,[600+-1300],0,5000,1,[0+0+0],5,[0+0+0],1,2,20901,1,1,100,1,[108703],[108703],[],[],[],[],[],1,0,0,0
108703,投石机地面燃烧子弹,1,[600+-1300],0,10000,1,[0+0+0],5,[0+0+0],1,2,20901,1,5,500,10,[108704],[108704],[],[20902],[20905],[],[],0,0,0,0
108704,投石机普攻子弹,1,[600+-1300],0,5000,1,[0+0+0],5,[0+0+0],1,2,20901,1,1,100,1,[108705],[108705],[],[20906],[20903],[],[],0,0,0,0
108801,狼人普攻1,3,[0+0],50,1000,1,[0+0+0],3,[0+0+0],1,1,300,0,1,0,1,[108801],[108801],[],[],[],[106],[],1,0,0,0
108802,狼人普攻2,3,[0+0],50,1000,1,[0+0+0],3,[0+0+0],1,1,300,0,1,0,1,[108802],[108802],[],[],[],[106],[],1,0,0,0
108901,牛头人普攻1,3,[0+0],50,1000,1,[0+0+0],3,[0+0+0],1,1,300,0,1,0,1,[108901],[108901],[],[],[],[104],[],1,0,0,0
108902,牛头人普攻2,3,[0+0],50,1000,1,[0+0+0],3,[0+0+0],1,2,20901,0,1,0,1,[108902],[108902],[],[],[20501],[104],[],1,0,0,0
108903,战争践踏Lv1,3,[0+0],50,1000,1,[0+0+0],1,[0+0+0],2,2,15,1,1,5,1,[108903],[108903],[],[],[20502],[],[],1,0,0,0
109001,投石普攻,1,[500+-1100],0,5000,1,[0+0+0],5,[0+0+0],1,2,20901,1,1,5,1,[109003],[],[],[109001],[109002],[],[],0,0,0,0
109002,石头人普攻,3,[0+0],50,1000,1,[0+0+0],3,[0+0+0],1,1,300,0,1,0,1,[109001],[109001],[],[],[],[30700],[],1,0,0,0
109003,石头人捶地,3,[0+0],50,200,1,[0+0+0],3,[0+0+0],1,2,109001,0,1,0,1,[109002],[109002],[],[],[],[106],[],1,0,0,0
109004,石头人自爆,3,[0+0],50,200,1,[0+0+0],3,[0+0+0],1,2,109001,0,1,0,1,[109002],[109002],[],[],[109101],[106],[],1,0,0,0
109301,屠夫普攻,3,[0+0],50,200,1,[0+0+0],3,[0+0+0],1,1,350,0,1,0,1,[109301],[109301],[],[],[],[104],[],1,0,0,0
109302,疯砍,3,[0+0],50,200,1,[0+0+0],3,[0+0+0],1,1,350,0,1,0,1,[109302],[109302],[],[],[],[104],[],1,0,0,0
109303,疯砍AOE子弹,3,[0+0],50,200,1,[0+0+0],3,[0+0+0],1,2,109302,0,1,0,1,[109302],[109302],[],[],[],[104],[],1,0,0,0
109501,自然族青年普攻,3,[0+0],50,200,1,[0+0+0],3,[0+0+0],1,1,300,0,1,0,1,[10000],[10000],[],[],[],[109504],[],1,0,0,0
109502,自然族青年技能1,3,[0+0],50,200,1,[0+0+0],3,[0+0+0],1,1,300,0,1,0,1,[10000],[10000],[],[],[],[109506],[],1,0,0,0
109601,巫妖技能子弹,3,[0+0],400,5000,1,[0+0+0],4,[0+0+0],1,2,109601,500,1,0,1,[109601],[109601],[],[],[40800],[],[],1,0,0,0
109602,巫妖全场AOE子弹1,3,[0+0],400,5000,1,[0+0+0],4,[300+0+0],1,2,109601,500,1,0,1,[109601],[109601],[],[],[40800],[],[],1,0,0,0
109603,巫妖全场AOE子弹2,3,[0+0],400,5000,1,[0+0+0],4,[650+0+0],1,2,109601,500,1,0,1,[109601],[109601],[],[],[40800],[],[],1,0,0,0
109604,巫妖全场AOE子弹3,3,[0+0],400,5000,1,[0+0+0],4,[1000+0+0],1,2,109601,500,1,0,1,[109601],[109601],[],[],[40800],[],[],1,0,0,0
109605,巫妖全场AOE子弹4,3,[0+0],400,5000,1,[0+0+0],4,[1350+0+0],1,2,109601,500,1,0,1,[109601],[109601],[],[],[40800],[],[],1,0,0,0
109606,陷阱爆炸,3,[0+0],400,5000,1,[0+0+0],4,[0+0+0],1,2,109602,500,1,0,1,[],[],[109607+1]*[109608+1],[],[109606],[],[],1,0,0,0
109901,死亡骑士普攻1,3,[0+0],50,1000,1,[0+0+0],3,[0+0+0],1,1,300,0,1,0,1,[109901],[109901],[],[],[],[],[104],1,0,0,0
109902,死亡骑士普攻2,3,[0+0],50,1000,1,[0+0+0],3,[0+0+0],1,1,300,0,1,0,1,[109902],[109902],[],[],[],[],[],1,0,0,0
109903,冲击波,4,[800+50000],10000,10000,1,[10+-70+0],7,[0+0+0],2,2,109902,1,500,100,1,[109906],[109909],[109910+1],[40709],[],[],[104],1,0,0,5
109904,冲击波（带诅咒敌人）,4,[800+50000],10000,10000,1,[10+-70+0],7,[0+0+0],2,2,109902,1,500,100,1,[109907],[109907],[],[],[],[],[104],1,0,0,5
109905,冲击波（非亡灵敌人）,4,[800+50000],10000,10000,1,[10+-70+0],7,[0+0+0],2,2,109902,1,500,100,1,[109908],[109908],[],[],[],[],[104],1,0,0,5
109907,提升攻击力特效击退众人,3,[0+0],200,2200,1,[0+0+0],2,[0+0+0],1,2,1003,1,1,100,1,[109911],[109911],[],[],[],[],[],0,0,0,5
110101,骷髅召唤师普攻,4,[600+50000],3000,3000,1,[0+0+0],1,[1000+0+0],3,1,50,1,500,25,1,[],[],[40416+1],[40401],[40405],[],[],1,0,0,0
110102,骷髅雷球表现子弹,4,[1000+50000],15000,15000,1,[0+0+0],3,[0+0+0],2,2,110103,1,500,50,1,[],[],[110108+1],[110108],[],[],[],1,0,0,0
110103,骷髅雷球伤害子弹,4,[1000+50000],15000,15000,1,[0+0+0],3,[0+0+0],2,2,110103,1,500,50,1,[110102],[110102],[],[],[],[],[],1,0,0,0
110503,圣盾术,3,[0+0],200,1000,1,[0+0+0],3,[0+0+0],1,1,130,0,1,5,1,[],[],[110505+1],[],[],[],[],1,0,0,0
110504,骑士普攻,3,[0+0],50,200,1,[0+0+0],3,[0+0+0],1,1,350,0,1,0,1,[110505],s,[],[],[],[],[],1,0,0,0
110703,圣光救赎,3,[800+0],1000,1000,1,[0+0+0],4,[0+0+0],2,2,110703,5,500,5,1,[110703],[110703],[],[1602],[],[],[],1,0,0,0
110704,圣光审判子弹1,4,[600+10000],10000,10000,1,[-60+30+50],7,[0+0+0],3,2,110704,1,500,5,1,[110704],[110706],[110703+1],[1603],[],[],[1604],1,0,0,0
110705,圣光审判子弹2,4,[600+10000],10000,10000,1,[-60+60+50],7,[0+0+0],3,2,110704,1,500,5,1,[110704],[110706],[110703+1],[1603],[],[],[1604],1,0,0,0
110706,圣光审判子弹3,4,[600+10000],10000,10000,1,[-60+90+50],7,[0+0+0],3,2,110704,1,500,5,1,[110704],[110706],[110703+1],[1603],[],[],[1604],1,0,0,0
110802,天使降临治疗,3,[0+0],200,1000,1,[0+0+0],3,[0+0+0],1,1,130,400,1,5,1,[110802],[110802],[110802+1],[],[],[],[],1,0,0,0
110851,防御塔Lv1攻击,1,[1200+-800],10000,5000,1,[30+85+0],3,[0+0+0],3,2,30,1,2000,5,1,[110851],[110851],[],[321101],[],[105],[],0,0,0,0
110852,防御塔Lv2攻击,1,[1200+-800],10000,5000,1,[30+85+0],3,[0+0+0],3,2,30,1,2000,5,1,[110852],[110852],[],[321101],[],[105],[],0,0,0,0
110901,牧师无敌子弹,3,[0+0],50,200,1,[0+0+0],3,[0+0+0],1,2,26,0,999,0,1,[],[],[110901+1],[],[],[],[],1,0,0,0
111001,加农炮,4,[1000+50000],10000,10000,1,[18+0+0],1,[200+0+0],3,2,30,0,500,5,1,[111001],[111001],[],[10202],[],[],[10204],1,0,0,0
111101,普攻（魔法）,3,[0+0],50,200,1,[0+0+0],3,[0+0+0],1,1,300,0,1,0,1,[111103],[111103],[],[],[],[106],[],1,0,0,0
111102,普攻（物理）,3,[0+0],50,200,1,[0+0+0],3,[0+0+0],1,1,300,0,1,0,1,[111104],[111104],[],[],[],[106],[],1,0,0,0
111401,加嗜血buff,3,[0+0],50,200,1,[0+0+0],3,[0+0+0],1,1,5000,0,999,0,1,[],[],[111401+1],[],[],[],[],1,0,0,0
111652,巨冰按顺序冰冻子弹,1,[800+0],5000,2000,1,[0+0+0],3,[0+0+0],2,1,100,5,500,100,1,[],[],[22+1]*[6+3]*[8+3],[],[],[],[],1,0,0,0
111671,治疗LV1,3,[0+0],200,1000,1,[0+0+0],3,[0+0+0],1,1,111671,1,1,5,1,[111673],[111673],[111672+1],[],[],[],[],1,0,0,0
111701,骷髅召唤师蓝色召唤阵,3,[0+0],3000,3000,1,[0+0+0],2,[225+0+0],2,0,0,0,0,0,0,[],[],[],[40402],[],[],[],1,0,0,0
111702,骷髅召唤师蓝色召唤阵上方光芒,3,[0+0],3000,3000,1,[0+0+0],2,[225+0+0],2,0,0,0,0,0,0,[],[],[],[40403],[],[],[],1,0,0,0
111705,骷髅召唤师普攻,4,[600+50000],1000,1000,1,[0+0+0],1,[1000+0+0],3,2,30,0,500,50,1,[111705],[111705],[],[40401],[],[],[12],1,0,0,0
111802,死亡骑士普攻1,3,[0+0],50,1000,1,[0+0+0],3,[0+0+0],1,1,300,0,1,0,1,[111802],[111802],[],[],[],[],[104],1,0,0,0
111803,死亡骑士普攻2,3,[0+0],50,1000,1,[0+0+0],3,[0+0+0],1,1,300,0,1,0,1,[111803],[111803],[],[],[],[],[104],1,0,0,0
111902,地狱之焰,3,[0+0],0,2000,1,[0+0+0],4,[0+0+0],1,2,111901,800,999,5,1,[111901],[111901],[],[],[111903],[],[],1,0,0,0
112101,狼人普攻1,3,[0+0],50,1000,1,[0+0+0],3,[0+0+0],1,1,300,0,1,0,1,[112101],[112101],[],[],[],[106],[],1,0,0,0
112102,狼人普攻2,3,[0+0],50,1000,1,[0+0+0],3,[0+0+0],1,1,300,0,1,0,1,[112102],[112102],[],[],[],[106],[],1,0,0,0
112201,骷髅召唤师蓝色召唤阵,3,[0+0],100,2000,1,[0+0+0],2,[225+0+0],2,0,0,0,0,0,0,[],[],[],[],[112201+112202],[],[],1,0,0,1
112202,海巨人飞锚,4,[3000+5000],450,450,1,[0+0+0],1,[1400+0+0],2,2,112201,1,999,5,1,[112201],[112201],[],[],[],[30802],[],1,0,0,0
112601,706影压,3,[800+0],1000,1000,1,[0+0+0],4,[0+0+0],2,1,40,5,500,5,1,[101911],[],[],[],[101903],[],[],1,0,0,0
112609,影压效果子弹,3,[0+0],700,3000,1,[0+0+0],2,[400+0+0],2,0,0,0,0,0,0,[],[],[],[],[112602+112603+112604+112605+112602+112603+112604+112605],[],[],1,0,0,0
112701,火法技能2火雨1,3,[600+-1300],600,20000,1,[0+0+0],5,[0+0+0],1,2,112703,1,100,200,1,[112701],[112702],[112705+1],[1009],[112701+112703],[1010],[],1,0,0,1
112702,火法技能2火雨2,3,[600+-1300],600,20000,1,[0+0+0],5,[-90+60+0],1,2,112703,1,100,200,1,[112701],[112702],[112705+1],[1003],[112701+112702],[1008],[],1,0,0,1
112703,火法技能2火雨3,3,[600+-1300],600,20000,1,[0+0+0],5,[180+0+0],1,2,112703,1,100,200,1,[112701],[112702],[112705+1],[1009],[112701+112703],[1010],[],1,0,0,1
112704,火法技能2火雨4,3,[600+-1300],600,20000,1,[0+0+0],5,[-180+0+0],1,2,112703,1,100,200,1,[112701],[112702],[112705+1],[1003],[112701+112703],[1008],[],1,0,0,1
112705,火法技能2火雨5,3,[600+-1300],600,20000,1,[0+0+0],5,[-90+-60+0],1,2,112703,1,100,200,1,[112701],[112702],[112705+1],[1009],[112701+112704],[1010],[],1,0,0,5
112706,火法技能2火雨6,3,[600+-1300],600,20000,1,[0+0+0],5,[90+-70+0],1,2,112703,1,100,200,1,[112701],[112702],[112705+1],[1003],[112701+112704],[1008],[],1,0,0,5
112707,火法技能2火雨7,3,[600+-1300],600,20000,1,[0+0+0],5,[90+60+0],1,2,112703,1,100,200,1,[112701],[112702],[112705+1],[1009],[112701+112703],[1010],[],1,0,0,1
112708,火法技能2火雨残炎,3,[600+-1300],0,20000,1,[0+0+0],5,[0+0+0],1,2,112703,1,100,200,1,[],[],[112705+1],[],[],[],[],1,0,0,5
112901,复仇女神普攻,3,[0+0],50,200,1,[0+0+0],3,[0+0+0],1,1,300,0,1,0,1,[112901],[112901],[],[],[],[12],[],1,0,0,0
112902,复仇女神竖劈（带击飞）,3,[0+0],50,200,1,[0+0+0],3,[0+0+0],1,1,350,0,1,0,1,[112902],[112902],[],[],[],[12],[],1,0,0,0
113001,尤达米尔火球,4,[800+50000],10000,10000,1,[0+50+0],7,[0+0+0],3,2,1001,1,999,100,1,[113000],[113004],[1000+1],[1001],[],[],[1002],1,0,0,5
113002,尤达米尔冰弹,4,[800+50000],10000,10000,1,[0+50+0],7,[0+0+0],3,2,1101,1,999,100,1,[113001],[113005],[22+1]*[6+3]*[8+3]*[1101+1],[1101],[],[],[1102],1,0,0,0
113003,尤达米尔雷球,4,[600+10000],5000,5000,1,[-20+0+0],7,[0+0+0],2,2,113000,1,999,100,1,[113003],[],[],[1403],[],[],[1409],1,0,0,5
113004,尤达米尔大宝剑,3,[0+0],1000,1000,1,[0+0+0],3,[0+-80+0],2,2,113002,1,999,5,1,[113002],[],[],[1602],[1605],[],[],1,0,0,0
113101,尤达米尔领域对敌子弹,3,[0+0],5000,5000,1,[0+0+0],5,[0+0+0],2,2,1601,600,999,400,10,[],[],[113103+1],[113101],[],[],[],1,0,0,1
113102,尤达米尔领域对友子弹,3,[0+0],5000,5000,1,[0+0+0],5,[0+0+0],2,2,1602,600,999,400,10,[],[],[113104+1],[],[],[],[],1,0,0,0
113103,尤达米尔精灵之光,3,[0+0],3000,3000,1,[0+0+0],3,[0+0+0],2,2,1301,100,500,300,9,[1301],[],[],[1301],[],[1302],[],1,0,0,5
113203,尤达米尔气流斩,4,[600+10000],5000,5000,1,[-80+60+0],7,[0+0+0],3,2,1503,1,1000,5,1,[113203],[113203],[],[1503],[],[],[1509],1,0,0,0
113204,尤达米尔斩杀子弹,4,[1000+50000],10000,10000,1,[0+-100+0],7,[0+0+0],3,2,1201,1,500,5,1,[],[],[113204+1]*[113205+1],[113204],[],[],[],1,0,0,0
113205,圣光审判子弹1,4,[600+10000],10000,10000,1,[-60+30+50],7,[0+0+0],3,2,1604,1,500,5,1,[1604],[113204],[1603+1],[1603],[],[],[1604],1,0,0,0
113206,圣光审判子弹2,4,[600+10000],10000,10000,1,[-60+60+50],7,[0+0+0],3,2,1604,1,500,5,1,[1604],[113204],[1603+1],[1603],[],[],[1604],1,0,0,0
113207,圣光审判子弹3,4,[600+10000],10000,10000,1,[-60+90+50],7,[0+0+0],3,2,1604,1,500,5,1,[1604],[113204],[1603+1],[1603],[],[],[1604],1,0,0,0
113208,刺客2技能,3,[0+0],650,1400,1,[0+0+0],4,[-160+0+0],2,1,1000,550,500,100,1,[],[],[],[],[113203],[],[],1,0,0,0
113401,闪电风暴子弹,3,[0+0],50,600,1,[0+0+0],2,[0+0+0],1,2,113401,1,30,50,1,[113401],[],[],[],[],[113401],[],1,0,0,0
113402,闪电风暴子弹,3,[0+0],50,600,1,[0+0+0],2,[0+0+0],1,2,113401,1,30,50,1,[],[],[113401+1],[],[],[],[],1,0,0,0
113501,时之终焉,4,[800+50000],15000,5000,1,[-105+115+0],4,[0+0+0],3,2,113507,0,500,5,1,[113507],[113507],[113507+1],[101002],[],[],[1604],1,0,0,0
113502,时之终焉,4,[800+50000],15000,5000,1,[30+110+0],4,[0+0+0],3,2,113507,0,500,5,1,[113507],[113507],[113507+1],[101002],[],[],[1604],1,0,0,0
113503,时之终焉,4,[800+50000],15000,5000,1,[-105+30+0],4,[0+0+0],3,2,113507,0,500,5,1,[113507],[113507],[113507+1],[101002],[],[],[1604],1,0,0,0
113504,时之终焉,4,[800+50000],15000,5000,1,[40+30+0],4,[0+0+0],3,2,113507,0,500,5,1,[113507],[113507],[113507+1],[101002],[],[],[1604],1,0,0,0
113505,时之终焉,4,[800+50000],15000,5000,1,[-30+150+0],4,[0+0+0],3,2,113507,0,500,5,1,[113507],[113507],[113507+1],[101002],[],[],[1604],1,0,0,0
113507,时之终焉,4,[800+50000],15000,5000,1,[50+70+0],4,[0+0+0],3,2,113507,0,500,5,1,[113507],[113507],[113507+1],[101002],[],[],[1604],1,0,0,0
140201,暗影炮1,3,[0+0],600,600,1,[0+0+0],1,[250+0+0],2,2,140201,1,30,50,1,[140201],[140201],[],[120202],[],[],[],1,0,0,0
140202,暗影炮2,3,[0+0],600,600,1,[0+0+0],1,[500+0+0],2,2,140201,1,30,50,1,[140201],[140201],[],[120202],[],[],[],1,0,0,0
140203,暗影炮3,3,[0+0],600,600,1,[0+0+0],1,[750+0+0],2,2,140201,1,30,50,1,[140201],[140201],[],[120202],[],[],[],1,0,0,0
140204,暗影炮4,3,[0+0],600,600,1,[0+0+0],1,[1000+0+0],2,2,140201,1,30,50,1,[140201],[140201],[],[120202],[],[],[],1,0,0,0
140205,暗影炮5,3,[0+0],600,600,1,[0+0+0],1,[1250+0+0],2,2,140201,1,30,50,1,[140201],[140201],[],[120202],[],[],[],1,0,0,0
140206,暗影炮6,3,[0+0],600,600,1,[0+0+0],1,[1500+0+0],2,2,140201,1,30,50,1,[140201],[140201],[],[120202],[],[],[],1,0,0,0
140207,暗影炮7,3,[0+0],600,600,1,[0+0+0],1,[1750+0+0],2,2,140201,1,30,50,1,[140201],[140201],[],[120202],[],[],[],1,0,0,0
140208,死亡镰刀子弹伤害,4,[1400+1200],2300,2300,1,[150+20+0],1,[1000+20+0],2,2,140202,1,30,40,1,[140202],[140202],[],[120207],[],[120205],,1,0,0,0
140209,死亡镰刀0.3收割,4,[1400+1000],2300,2300,1,[430+20+0],1,[1000+20+0],2,2,140203,1200,30,40,1,[140203],[],[],[],[],[120209],,1,0,0,0
140401,圣光一击,3,[800+0],1000,1000,1,[0+0+0],4,[0+0+0],2,2,1603,1,500,5,1,[1603],[],[],[1602],[1605],[],[],1,0,0,0
140501,精灵之光,3,[0+0],3000,3000,1,[0+0+0],4,[0+0+0],2,2,1301,100,500,300,9,[1301],[],[],[1301],[],[1302],[],1,0,0,5
140702,火法技能2火雨1,3,[0+0],600,10000,1,[0+0+0],4,[0+0+0],1,2,1002,0,1,200,1,[1002],[1072],[1001+1],[1009],[1004+1006],[1010],[],1,0,0,1
140703,火法技能2火雨2,3,[0+0],600,10000,1,[0+0+0],4,[-90+60+0],1,2,1002,0,1,200,1,[1002],[1072],[1001+1],[1003],[1004+1005],[1008],[],1,0,0,1
140704,火法技能2火雨3,3,[0+0],600,10000,1,[0+0+0],4,[180+0+0],1,2,1002,0,1,200,1,[1002],[1072],[1001+1],[1009],[1004+1006],[1010],[],1,0,0,1
140705,火法技能2火雨4,3,[0+0],600,10000,1,[0+0+0],4,[-180+0+0],1,2,1002,0,1,200,1,[1002],[1072],[1001+1],[1003],[1004+1006],[1008],[],1,0,0,1
140706,火法技能2火雨5,3,[0+0],600,10000,1,[0+0+0],4,[-90+-60+0],1,2,1002,0,1,200,1,[1002],[1072],[1001+1],[1009],[1004+1007],[1010],[],1,0,0,5
140707,火法技能2火雨6,3,[0+0],600,10000,1,[0+0+0],4,[90+-70+0],1,2,1002,0,1,200,1,[1002],[1072],[1001+1],[1003],[1004+1007],[1008],[],1,0,0,5
140708,火法技能2火雨7,3,[0+0],600,10000,1,[0+0+0],4,[90+60+0],1,2,1002,0,1,200,1,[1002],[1072],[1001+1],[1009],[1004+1006],[1010],[],1,0,0,1
140709,火法技能2火雨残炎,3,[0+0],0,8000,1,[0+0+0],4,[0+0+0],1,2,1003,1,100,200,1,[],[],[1001+1],[],[],[],[],1,0,0,5
140801,冰法冰弹技能1,4,[800+50000],10000,10000,1,[0+30+0],7,[0+0+0],3,2,170501,1,500,100,1,[140801],[140801],[22+1]*[6+3]*[8+3]*[140801+1],[1101],[],[],[1102],1,0,0,0
140802,暴风雪0,3,[0+0],650,1400,1,[0+0+0],2,[0+10+0],3,2,1103,550,500,100,1,[1103],[1173],[22+1]*[6+3]*[8+3],[1103],[1104],[],[],1,0,0,2
140803,暴风雪1,3,[0+0],650,1400,1,[0+0+0],2,[-100+10+100],3,2,1103,550,500,100,1,[1103],[1173],[22+1]*[6+3]*[8+3],[1103],[1105],[],[],1,0,0,2
140804,暴风雪2,3,[0+0],650,1400,1,[0+0+0],2,[-200+110+100],3,2,1103,550,500,100,1,[1103],[1173],[22+1]*[6+3]*[8+3],[1103],[1106],[],[],1,0,0,2
140805,暴风雪4,3,[0+0],650,1400,1,[0+0+0],2,[-100+-50+100],3,2,1103,550,500,100,1,[1103],[1173],[22+1]*[6+3]*[8+3],[1103],[1104],[],[],1,0,0,2
140806,暴风雪5,3,[0+0],650,1400,1,[0+0+0],2,[120+-50+100],3,2,1103,550,500,100,1,[1103],[1173],[22+1]*[6+3]*[8+3],[1103],[1107],[],[],1,0,0,2
140807,暴风雪3,3,[0+0],650,1400,1,[0+0+0],2,[100+70+100],3,2,1103,550,500,100,1,[1103],[1173],[22+1]*[6+3]*[8+3],[1103],[1107],[],[],1,0,0,2
140812,暴风雪0,3,[0+0],650,1400,1,[0+0+0],2,[500+10+100],3,2,1103,550,500,100,1,[1103],[1173],[22+1]*[6+3]*[8+3],[1103],[1104],[],[],1,0,0,2
140813,暴风雪1,3,[0+0],650,1400,1,[0+0+0],2,[400+70+100],3,2,1103,550,500,100,1,[1103],[1173],[22+1]*[6+3]*[8+3],[1103],[1105],[],[],1,0,0,2
140814,暴风雪2,3,[0+0],650,1400,1,[0+0+0],2,[270+10+100],3,2,1103,550,500,100,1,[1103],[1173],[22+1]*[6+3]*[8+3],[1103],[1106],[],[],1,0,0,2
140815,暴风雪4,3,[0+0],650,1400,1,[0+0+0],2,[400+-50+100],3,2,1103,550,500,100,1,[1103],[1173],[22+1]*[6+3]*[8+3],[1103],[1104],[],[],1,0,0,2
140816,暴风雪5,3,[0+0],650,1400,1,[0+0+0],2,[620+-50+100],3,2,1103,550,500,100,1,[1103],[1173],[22+1]*[6+3]*[8+3],[1103],[1107],[],[],1,0,0,2
140817,暴风雪3,3,[0+0],650,1400,1,[0+0+0],2,[600+70+100],3,2,1103,550,500,100,1,[1103],[1173],[22+1]*[6+3]*[8+3],[1103],[1107],[],[],1,0,0,2
140822,暴风雪0,3,[0+0],650,1400,1,[0+0+0],2,[1000+10+100],3,2,1103,550,500,100,1,[1103],[1173],[22+1]*[6+3]*[8+3],[1103],[1104],[],[],1,0,0,2
140823,暴风雪1,3,[0+0],650,1400,1,[0+0+0],2,[900+70+100],3,2,1103,550,500,100,1,[1103],[1173],[22+1]*[6+3]*[8+3],[1103],[1105],[],[],1,0,0,2
140824,暴风雪2,3,[0+0],650,1400,1,[0+0+0],2,[770+10+100],3,2,1103,550,500,100,1,[1103],[1173],[22+1]*[6+3]*[8+3],[1103],[1106],[],[],1,0,0,2
140825,暴风雪4,3,[0+0],650,1400,1,[0+0+0],2,[900+-50+100],3,2,1103,550,500,100,1,[1103],[1173],[22+1]*[6+3]*[8+3],[1103],[1104],[],[],1,0,0,2
140826,暴风雪5,3,[0+0],650,1400,1,[0+0+0],2,[1120+-50+100],3,2,1103,550,500,100,1,[1103],[1173],[22+1]*[6+3]*[8+3],[1103],[1107],[],[],1,0,0,2
140827,暴风雪3,3,[0+0],650,1400,1,[0+0+0],2,[1100+70+100],3,2,1103,550,500,100,1,[1103],[1173],[22+1]*[6+3]*[8+3],[1103],[1107],[],[],1,0,0,2
140832,暴风雪0,3,[0+0],650,1400,1,[0+0+0],2,[1500+10+100],3,2,1103,550,500,100,1,[1103],[1173],[22+1]*[6+3]*[8+3],[1103],[1104],[],[],1,0,0,2
140833,暴风雪1,3,[0+0],650,1400,1,[0+0+0],2,[1400+70+100],3,2,1103,550,500,100,1,[1103],[1173],[22+1]*[6+3]*[8+3],[1103],[1105],[],[],1,0,0,2
140834,暴风雪2,3,[0+0],650,1400,1,[0+0+0],2,[1270+10+100],3,2,1103,550,500,100,1,[1103],[1173],[22+1]*[6+3]*[8+3],[1103],[1106],[],[],1,0,0,2
140835,暴风雪4,3,[0+0],650,1400,1,[0+0+0],2,[1400+-50+100],3,2,1103,550,500,100,1,[1103],[1173],[22+1]*[6+3]*[8+3],[1103],[1104],[],[],1,0,0,2
140836,暴风雪5,3,[0+0],650,1400,1,[0+0+0],2,[1620+-50+100],3,2,1103,550,500,100,1,[1103],[1173],[22+1]*[6+3]*[8+3],[1103],[1107],[],[],1,0,0,2
140837,暴风雪3,3,[0+0],650,1400,1,[0+0+0],2,[1600+70+100],3,2,1103,550,500,100,1,[1103],[1173],[22+1]*[6+3]*[8+3],[1103],[1107],[],[],1,0,0,2
140842,暴风雪0,3,[0+0],650,1400,1,[0+0+0],2,[2000+10+100],3,2,1103,550,500,100,1,[1103],[1173],[22+1]*[6+3]*[8+3],[1103],[1104],[],[],1,0,0,2
140843,暴风雪1,3,[0+0],650,1400,1,[0+0+0],2,[1900+70+100],3,2,1103,550,500,100,1,[1103],[1173],[22+1]*[6+3]*[8+3],[1103],[1105],[],[],1,0,0,2
140844,暴风雪2,3,[0+0],650,1400,1,[0+0+0],2,[1700+10+100],3,2,1103,550,500,100,1,[1103],[1173],[22+1]*[6+3]*[8+3],[1103],[1106],[],[],1,0,0,2
140845,暴风雪4,3,[0+0],650,1400,1,[0+0+0],2,[1900+-50+100],3,2,1103,550,500,100,1,[1103],[1173],[22+1]*[6+3]*[8+3],[1103],[1104],[],[],1,0,0,2
140846,暴风雪5,3,[0+0],650,1400,1,[0+0+0],2,[2120+-50+100],3,2,1103,550,500,100,1,[1103],[1173],[22+1]*[6+3]*[8+3],[1103],[1107],[],[],1,0,0,2
140847,暴风雪3,3,[0+0],650,1400,1,[0+0+0],2,[2100+70+100],3,2,1103,550,500,100,1,[1103],[1173],[22+1]*[6+3]*[8+3],[1103],[1107],[],[],1,0,0,2
140901,复仇女神普攻,3,[0+0],50,200,1,[0+0+0],3,[0+0+0],1,1,300,0,1,0,1,[140901],[140901],[],[],[],[12],[],1,0,0,0
140902,复仇女神竖劈（带击飞）,3,[0+0],50,200,1,[0+0+0],3,[0+0+0],1,1,350,0,1,0,1,[140902],[140902],[],[],[],[12],[],1,0,0,0
140903,复仇女神龙卷风,4,[250+50000],50000,50000,1,[50+-140+0],2,[500+0+0],2,2,140902,0,500,50,1,[140903],[],[],[412908],[],[],[],1,0,0,5
141001,普攻子弹1,4,[1000+0],300,400,1,[0+0+0],7,[0+-20+0],3,1,50,1,300,3,1,[141001],[141001],[],[],[],[],[103],1,0,0,0
141002,普攻子弹2,4,[1000+0],300,400,1,[0+0+0],7,[0+-20+0],3,1,50,1,300,3,1,[141002],[141002],[],[],[],[],[103],1,0,0,0
141003,手里剑,4,[1000+0],4000,4000,1,[20+20+0],7,[800+60+0],3,2,30,1,500,5,1,[141003],[141004],[141001+1],[100402],[],[12],[],1,0,0,5
141101,普攻子弹,3,[0+0],50,1000,1,[0+0+0],3,[0+0+0],1,1,300,50,1,200,1,[141101],[141101],[],[],[],[],[],1,0,0,0
141102,穿刺子弹,3,[0+0],50,1000,1,[0+0+0],3,[0+0+0],1,1,300,50,1,200,1,[141102],[141102],[],[],[],[],[],1,0,0,0
141103,闪电子弹,3,[0+0],50,1000,1,[0+0+0],3,[0+0+0],1,1,300,50,1,200,1,[141103],[141103],[],[],[],[],[],1,0,0,0
141104,横扫子弹,3,[0+0],50,1000,1,[0+0+0],3,[0+0+0],1,1,300,50,1,200,1,[141104],[141104],[],[],[],[],[],1,0,0,0
141106,闪电表现子弹,3,[0+0],50,700,1,[0+0+0],3,[0+0+0],1,1,300,50,1,200,1,[],[],[],[],[],[162506+162507],[],1,0,0,0
141301,时之终焉,4,[800+50000],15000,5000,1,[50+70+0],4,[0+0+0],3,2,113507,0,500,5,1,[141306],[141306],[141305+1],[101002],[],[],[1604],1,0,0,0
142101,金币特效子弹1,3,[0+0],700,800,1,[0+0+0],3,[0+0+0],1,1,300,0,1,0,1,[],[],[],[18],[],[],[],1,0,0,0
142102,金币特效子弹2,3,[0+0],700,800,1,[0+0+0],3,[0+0+0],1,1,300,0,1,0,1,[],[],[],[19],[],[],[],1,0,0,0
142103,金币特效子弹3,3,[0+0],700,800,1,[0+0+0],3,[0+0+0],1,1,300,0,1,0,1,[],[],[],[20],[],[],[],1,0,0,0
142104,金币特效子弹4,3,[0+0],700,800,1,[0+0+0],3,[0+0+0],1,1,300,0,1,0,1,[],[],[],[21],[],[],[],1,0,0,0
142105,金币特效子弹5,3,[0+0],700,800,1,[0+0+0],3,[0+0+0],1,1,300,0,1,0,1,[],[],[],[22],[],[],[],1,0,0,0
142106,金币特效子弹6,3,[0+0],700,800,1,[0+0+0],3,[0+0+0],1,1,300,0,1,0,1,[],[],[],[23],[],[],[],1,0,0,0
142107,金币特效子弹7,3,[0+0],700,800,1,[0+0+0],3,[0+0+0],1,1,300,0,1,0,1,[],[],[],[24],[],[],[],1,0,0,0
142108,金币特效子弹8,3,[0+0],700,800,1,[0+0+0],3,[0+0+0],1,1,300,0,1,0,1,[],[],[],[25],[],[],[],1,0,0,0
142109,金币特效子弹9,3,[0+0],700,800,1,[0+0+0],3,[0+0+0],1,1,300,0,1,0,1,[],[],[],[26],[],[],[],1,0,0,0
142110,金币特效子弹10,3,[0+0],700,800,1,[0+0+0],3,[0+0+0],1,1,300,0,1,0,1,[],[],[],[27],[],[],[],1,0,0,0
142111,金币特效子弹11,3,[0+0],700,800,1,[0+0+0],3,[0+0+0],1,1,300,0,1,0,1,[],[],[],[28],[],[],[],1,0,0,0
142112,金币特效子弹12,3,[0+0],700,800,1,[0+0+0],3,[0+0+0],1,1,300,0,1,0,1,[],[],[],[29],[],[],[],1,0,0,0
142113,熊怪普攻子弹1,4,[0+0],50,200,1,[0+0+0],3,[0+0+0],1,1,300,1,1,0,1,[142101],[142101],[],[],[],[107],[],1,0,0,0
142114,熊怪普攻子弹2,4,[0+0],50,200,1,[0+0+0],3,[0+0+0],1,1,300,1,1,0,1,[142102],[142102],[],[],[],[107],[],1,0,0,0
142115,熊怪连击子弹,4,[0+0],50,200,1,[0+0+0],3,[0+0+0],1,1,300,1,1,0,1,[142103],[142103],[],[],[],[107],[],1,0,0,0
142401,尸气弹子弹,1,[700+-1500],3000,4000,1,[0+0+0],2,[600+40+0],1,2,142402,1,1,0,1,[142401],[142401],[142401+1],[100203],[100204],[],[],1,0,0,5
142501,大树普攻1,3,[0+0],50,1000,1,[0+0+0],3,[0+0+0],1,1,300,0,1,0,1,[142501],[142501],[],[],[],[],[],1,0,0,0
142502,大树普攻2,3,[0+0],50,1000,1,[0+0+0],3,[0+0+0],1,1,300,0,1,0,1,[142502],[142502],[],[],[],[],[],1,0,0,0
142601,火枪手普攻,4,[1000+50000],10000,10000,1,[28+-20+0],7,[0+0+0],3,2,30,1,500,100,1,[142601],[142601],[],[10201],[],[],[10203],1,0,0,0
142602,加农炮,4,[1000+50000],10000,10000,1,[18+0+0],7,[0+0+0],3,2,30,1,500,100,1,[142602],[142602],[],[10202],[],[],[10204],1,0,0,0
142701,艾丽卡熊普攻1,4,[600+50000],400,400,1,[-100+-50+0],7,[0+0+0],2,2,142701,1,300,5,1,[142701],[142701],[],[],[],[],[107],1,0,0,0
142702,艾丽卡熊普攻2,4,[600+50000],470,470,1,[-100+-50+0],7,[0+0+0],2,2,142701,1,300,5,1,[142703],[142703],[],[],[],[],[107],1,0,0,0
142703,艾丽卡熊普攻3,4,[600+50000],400,400,1,[-100+-75+0],7,[0+0+0],2,2,142701,1,300,5,1,[142702],[142702],[],[],[],[],[107],1,0,0,0
143600,圣光大宝剑,3,[800+0],1000,1000,1,[0+0+0],4,[0+0+0],2,2,143600,1,500,5,1,[143600],[],[],[1602],[1605],[],[],1,0,0,0
161002,投石机普攻,1,[600+-1300],0,5000,1,[0+0+0],5,[0+0+0],1,2,161001,1,1,5,1,[161002],[161002],[],[20901],[161001],[],[],0,0,0,0
161003,燃烧弹普攻伤害,1,[600+-1300],0,5000,1,[0+0+0],5,[0+0+0],1,2,161001,1,1,5,1,[161003],[161003],[],[],[],[],[],0,0,0,0
161004,投石机燃烧效果,1,[600+-1300],0,10000,1,[0+0+0],5,[0+0+0],1,2,161001,1,5,500,10,[161004],[161004],[],[20902],[161003+161002],[161004],[],0,0,0,0
161012,火雨1,3,[0+0],600,10000,1,[0+0+0],5,[0+0+0],1,2,1002,0,1,200,1,[161006],[161007],[1001+1],[1009],[1004+1006],[1010],[],1,0,0,1
161013,火雨2,3,[0+0],600,10000,1,[0+0+0],5,[-90+60+0],1,2,1002,0,1,200,1,[161006],[161007],[1001+1],[1003],[1004+1005],[1008],[],1,0,0,1
161014,火雨3,3,[0+0],600,10000,1,[0+0+0],5,[180+0+0],1,2,1002,0,1,200,1,[161006],[161007],[1001+1],[1009],[1004+1006],[1010],[],1,0,0,1
161015,火雨4,3,[0+0],600,10000,1,[0+0+0],5,[-180+0+0],1,2,1002,0,1,200,1,[161006],[161007],[1001+1],[1003],[1004+1006],[1008],[],1,0,0,1
161016,火雨5,3,[0+0],600,10000,1,[0+0+0],5,[-90+-60+0],1,2,1002,0,1,200,1,[161006],[161007],[1001+1],[1009],[1004+1007],[1010],[],1,0,0,5
161017,火雨6,3,[0+0],600,10000,1,[0+0+0],5,[90+-70+0],1,2,1002,0,1,200,1,[161006],[161007],[1001+1],[1003],[1004+1007],[1008],[],1,0,0,5
161018,火雨7,3,[0+0],600,10000,1,[0+0+0],5,[90+60+0],1,2,1002,0,1,200,1,[161006],[161007],[1001+1],[1009],[1004+1006],[1010],[],1,0,0,1
161019,火雨残炎,3,[0+0],0,8000,1,[0+0+0],5,[0+0+0],1,2,1003,1,100,200,1,[],[],[1001+1],[],[],[],[],1,0,0,5
161106,死亡骑士普攻2,3,[0+0],50,1000,1,[0+0+0],3,[0+0+0],1,1,300,0,1,0,1,[40702],[40702],[],[],[],[],[104],1,0,0,0
161201,召唤光环特效子弹,3,[0+0],4000,4000,1,[0+0+0],2,[300+0+0],1,0,0,0,1,0,1,[],[],[],[40402+40403],[],[],[],1,0,0,0
161301,骨龙龙息子弹,1,[2500+0],700,700,1,[0+0+0],1,[10000+0+0],2,2,161301,0,20,50,1,[161301],[],[],[],[],[],[],1,0,0,0
161302,骨龙激光炮弹子弹（最高伤害）,3,[0+0],500,500,1,[0+0+0],1,[0+0+0],2,2,161302,0,10,50,1,[161302],[161303],[],[],[],[],[],1,0,0,0
161303,骨龙激光炮弹子弹（中等伤害）,3,[0+0],500,500,1,[0+0+0],1,[0+0+0],2,2,161302,0,10,50,1,[161304],[161305],[],[],[],[],[],1,0,0,0
161304,骨龙激光炮弹子弹（最低伤害）,3,[0+0],500,500,1,[0+0+0],1,[0+0+0],2,2,161302,0,10,50,1,[161306],[161307],[],[],[],[],[],1,0,0,0
161305,骨龙召唤骷髅,3,[0+0],500,500,1,[0+0+0],1,[0+0+0],2,2,161302,0,10,50,1,[],[],[161306+1],[],[],[],[],1,0,0,0
161401,尸气弹子弹,1,[1000+-1200],3000,4000,1,[0+0+0],5,[0+0+0],1,2,161401,1,1,0,1,[161401],[161401],[161404+1],[100203],[161404],[],[],1,0,0,5
161402,普攻子弹1,4,[1000+0],300,400,1,[0+-20+0],1,[150+0+0],3,2,161401,1,300,3,1,[161403],[161403],[],[],[],[],[100202],1,0,0,0
161403,普攻子弹2,4,[1000+0],300,400,1,[0+-20+0],1,[150+0+0],3,1,50,1,300,5,1,[161403],[161403],[],[],[],[],[100202],1,0,0,0
161404,标记子弹,3,[0+0],5000,5000,1,[0+0+0],5,[0+-50+0],1,0,0,1,1,0,1,[],[],[],[161405],[],[],[],1,0,0,5
161501,吸血鬼普攻1,3,[0+0],50,1000,1,[0+0+0],3,[0+0+0],1,1,600,0,1,0,1,[161501],[161501],[],[],[],[],[],1,0,0,0
161502,吸血鬼普攻2,3,[0+0],50,1000,1,[0+0+0],3,[0+0+0],1,1,600,0,1,0,1,[161502],[161502],[],[],[],[],[],1,0,0,0
161503,吸血鬼鲜血之鞭一击lv1,3,[0+0],50,1000,1,[0+0+0],1,[380+0+0],1,2,161501,0,1,0,1,[161503],[161503],[],[],[],[],[],1,0,0,0
161504,吸血鬼鲜血之鞭二击lv1,3,[0+0],50,1000,1,[0+0+0],1,[380+0+0],1,2,161501,0,1,0,1,[161504],[161504],[],[],[],[],[],1,0,0,0
161505,鲜血凋零,3,[0+0],500,10000,1,[0+0+0],4,[0+0+0],1,2,161502,1,9999,600,999,[161506],[],[161501+1],[161501],[161502],[],[],1,0,0,5
161506,鲜血凋零标记,3,[0+0],50,1000,1,[0+0+0],1,[440+0+0],1,2,161505,0,1,0,1,[],[],[161502+1],[],[],[],[],1,0,0,5
161601,巫妖吸魂特效,3,[0+0],300,1000,1,[0+0+0],3,[0+0+0],1,1,500,0,1,0,1,[],[],[],[],[],[],[],1,0,0,0
161602,巫妖技能1地上效果1,3,[0+0],400,5000,1,[0+0+0],1,[150+-250+0],1,2,161604,500,1,0,1,[161603],[161603],[],[],[40800],[],[],1,0,0,0
161603,巫妖技能1地上效果2,3,[0+0],400,5000,1,[0+0+0],1,[450+-250+0],1,2,161604,500,1,0,1,[161603],[161603],[],[],[40800],[],[],1,0,0,0
161604,巫妖技能1地上效果3,3,[0+0],400,5000,1,[0+0+0],1,[750+-250+0],1,2,161604,500,1,0,1,[161603],[161603],[],[],[40800],[],[],1,0,0,0
161605,巫妖技能1眩晕1,3,[0+0],400,5000,1,[0+0+0],1,[150+-250+0],1,2,161603,500,1,0,1,[161602],[161602],[],[],[],[],[],1,0,0,0
161606,巫妖技能1眩晕2,3,[0+0],400,5000,1,[0+0+0],1,[450+-250+0],1,2,161603,500,1,0,1,[161602],[161602],[],[],[],[],[],1,0,0,0
161607,巫妖技能1眩晕3,3,[0+0],400,5000,1,[0+0+0],1,[750+-250+0],1,2,161603,500,1,0,1,[161602],[161602],[],[],[],[],[],1,0,0,0
161701,瘟疫使者普攻1,4,[1000+0],300,400,1,[0+-20+0],1,[150+0+0],3,1,50,1,300,5,1,[161701],[161701],[],[],[],[12],[],1,0,0,0
161702,瘟疫使者普攻2,4,[1000+0],300,400,1,[0+-20+0],1,[150+0+0],3,1,50,1,300,5,1,[161702],[161702],[],[],[],[12],[],1,0,0,0
161703,瘟疫子弹,3,[0+0],5000,5000,1,[0+0+0],3,[0+0+0],3,1,50,1,300,5,1,[],[],[161702+1]*[161703+1]*[161707+1],[],[],[],[],1,0,0,0
161704,召唤标记子弹,1,[800+-1000],5000,5000,1,[-100+0+0],3,[0+0+0],3,2,161703,1,2000,100,1,[],[],[161704+1],[161705],[],[161708],[],1,0,0,5
161705,对召唤师瘟疫子弹,3,[0+0],5000,5000,1,[0+0+0],3,[0+0+0],3,1,50,1,300,5,1,[],[],[161706+1],[],[],[],[],1,0,0,0
161706,治疗,3,[0+0],200,1000,1,[0+0+0],3,[0+0+0],1,1,130,1,1,100,1,[161705],[161705],[10903+1],[],[],[],[],1,0,0,0
162101,炮台未变身普攻,1,[1200+-800],10000,5000,1,[30+85+0],3,[0+0+0],3,2,162101,1,2000,5,1,[162101],[162101],[],[321101],[],[105],[],0,0,0,0
162102,炮台变身普攻,1,[1200+-800],10000,5000,1,[30+85+0],3,[0+0+0],3,2,162101,1,2000,5,1,[162102],[162102],[],[321101],[],[105],[],0,0,0,0
162103,高能箭,1,[800+0],10000,10000,1,[30+0+0],1,[5000+0+0],3,2,31,1,2000,5,1,[162104],[162104],[],[162101],[],[],[105],0,0,0,0
162104,精灵弓箭手吊射,3,[0+0],400,5000,1,[0+0+0],4,[0+0+0],2,2,162102,1,1000,200,10,[162105],[162105],[],[],[30110],[],[],0,0,0,0
162201,雪女风吹雪,3,[0+0],500,700,1,[0+0+0],1,[350+0+0],1,2,162201,1,1,0,1,[162201],[162201],[2+1]*[4+1],[],[],[40501],[],1,0,0,0
162202,风吹雪冰冻诅咒目标,3,[0+0],500,700,1,[0+0+0],1,[350+0+0],1,2,162202,1,1,0,1,[],[],[22+1]*[6+2]*[8+2],[],[],[],[],1,0,0,0
162301,大树普攻1,3,[0+0],50,1000,1,[0+0+0],3,[0+0+0],1,1,300,0,1,0,1,[162301],[162301],[],[],[30904],[],[],1,0,0,0
162302,大树普攻2,3,[0+0],50,1000,1,[0+0+0],3,[0+0+0],1,1,300,0,1,0,1,[162302],[162302],[],[],[30904],[],[],1,0,0,0
162404,防御塔Lv4攻击,1,[1200+-800],10000,5000,1,[106+135+0],3,[0+0+0],3,2,30,1,2000,5,1,[162402],[162402],[],[162407],[],[105],[],0,0,0,5
162405,防御塔Lv1攻击,1,[1200+-800],10000,5000,1,[30+95+0],3,[0+0+0],3,2,30,1,2000,5,1,[162402],[162402],[],[162402],[],[105],[],0,0,0,5
162410,修炮台子弹,3,[0+0],50,1000,1,[0+0+0],3,[0+0+0],1,1,300,0,1,0,1,[162407],[162407],[],[],[],[],[12],1,0,0,0
162414,击飞子弹,3,[0+0],50,1000,1,[0+0+0],3,[0+0+0],1,1,300,0,1,0,1,[162408],[],[],[],[],[],[12],1,0,0,0
162415,修炮台子弹,3,[0+0],50,1000,1,[0+0+0],3,[0+0+0],1,1,300,0,1,0,1,[162415],[162415],[],[],[],[],[12],1,0,0,0
162433,小兵自爆,3,[0+0],50,200,1,[0+0+0],3,[0+0+0],1,2,162433,0,1,5,1,[162433],[162433],[],[],[],[12],[],1,0,0,0
162501,普攻子弹,3,[0+0],50,1000,1,[0+0+0],3,[0+0+0],1,1,300,50,1,200,1,[162501],[162501],[],[],[],[],[],1,0,0,0
162502,穿刺子弹,3,[0+0],50,1000,1,[0+0+0],3,[0+0+0],1,1,300,50,1,200,1,[162502],[162502],[],[],[],[],[],1,0,0,0
162503,闪电子弹,3,[0+0],50,1000,1,[0+0+0],3,[0+0+0],1,1,300,50,1,200,1,[162503],[162503],[],[],[],[],[],1,0,0,0
162504,横扫子弹,3,[0+0],50,1000,1,[0+0+0],3,[0+0+0],1,1,300,50,1,200,1,[162504],[162504],[],[],[],[],[],1,0,0,0
162505,戳地子弹,3,[0+0],50,1000,1,[0+0+0],5,[0+0+0],1,2,162502,50,100,5,1,[162505],[162505],[],[],[],[],[],1,0,0,0
162506,闪电表现子弹,3,[0+0],50,700,1,[0+0+0],3,[0+0+0],1,1,300,50,1,200,1,[],[],[],[],[],[162506+162507],[],1,0,0,0
162606,蜘蛛BOSS普攻,4,[1000+50000],1500,2000,1,[20+100+0],1,[100+0+0],3,2,30,0,500,5,1,[101901],[101901],[],[162601],[],[],[162602],1,0,0,0
162607,坠落地刺,3,[800+0],1000,1000,1,[0+0+0],4,[0+0+0],2,2,162602,5,500,5,1,[101911],[101911],[],[],[101903],[],[],1,0,0,0
162608,蛛网束缚,3,[800+0],1000,1000,1,[0+0+0],4,[0+0+0],2,2,162608,800,500,5,1,[162608],[162608],[162620+1],[102505],[],[],[],1,0,0,0
,,,,,,,,,,,,,,,,,,,,,,,,,,,
165202,骨龙龙息子弹,1,[2500+0],1000,1000,1,[0+0+0],1,[10000+0+0],2,2,108301,0,20,100,1,[165203],[],[404+1],[],[],[],[],1,0,0,0
165203,骨龙激光炮弹子弹（最高伤害）,3,[0+0],500,500,1,[0+0+0],1,[0+0+0],2,2,108302,0,10,100,1,[165204],[165204],[404+1],[],[],[],[],1,0,0,0
165204,骨龙激光炮弹子弹（中等伤害）,3,[0+0],500,500,1,[0+0+0],1,[0+0+0],2,2,108302,0,10,100,1,[165205],[165205],[404+1],[],[],[],[],1,0,0,0
165205,骨龙激光炮弹子弹（最低伤害）,3,[0+0],500,500,1,[0+0+0],1,[0+0+0],2,2,108302,0,10,100,1,[165206],[165206],[404+1],[],[],[],[],1,0,0,0
165206,火焰子弹,3,[0+0],600,10000,1,[0+0+0],5,[100+-80+100],1,2,1002,0,1,100,1,[165201],[165201],[],[165204],[165202],[165203],[],1,0,0,1
165207,火焰子弹,3,[0+0],600,10000,1,[0+0+0],5,[0+0+100],1,2,1002,0,1,100,1,[165201],[165201],[],[165204],[165202],[165203],[],1,0,0,1
165208,火焰子弹,3,[0+0],600,10000,1,[0+0+0],5,[-100+-160+100],1,2,1002,0,1,100,1,[165201],[165201],[],[165204],[165202],[165203],[],1,0,0,1
165209,火焰子弹,3,[0+0],600,10000,1,[0+0+0],5,[100+-80+100],1,2,1002,0,1,100,1,[165201],[165201],[],[165204],[165202],[165203],[],1,0,0,1
165210,火焰子弹,3,[0+0],600,10000,1,[0+0+0],5,[0+0+100],1,2,1002,0,1,100,1,[165201],[165201],[],[165204],[165202],[165203],[],1,0,0,1
165211,火焰子弹,3,[0+0],600,10000,1,[0+0+0],5,[-100+-160+100],1,2,1002,0,1,100,1,[165201],[165201],[],[165204],[165202],[165203],[],1,0,0,1
165212,火焰子弹残骸,3,[0+0],600,180000,1,[0+0+0],5,[100+-80+100],1,2,1002,0,900,2000,900,[165202],[165202],[],[],[165211],[165203],[],1,0,0,5
165213,火焰子弹残骸,3,[0+0],600,180000,1,[0+0+0],5,[0+0+100],1,2,1002,0,900,2000,900,[165202],[165202],[],[],[165212],[165203],[],1,0,0,1
165214,火焰子弹残骸,3,[0+0],600,180000,1,[0+0+0],5,[-100+-160+100],1,2,1002,0,900,2000,900,[165202],[165202],[],[],[165213],[165203],[],1,0,0,1
165215,火焰子弹残骸,3,[0+0],600,180000,1,[0+0+0],5,[100+-80+100],1,2,1002,0,900,2000,900,[165202],[165202],[],[],[165211],[165203],[],1,0,0,5
165216,火焰子弹残骸,3,[0+0],600,180000,1,[0+0+0],5,[0+0+100],1,2,1002,0,900,2000,900,[165202],[165202],[],[],[165212],[165203],[],1,0,0,1
165217,火焰子弹残骸,3,[0+0],600,180000,1,[0+0+0],5,[-100+-160+100],1,2,1002,0,900,2000,900,[165202],[165202],[],[],[165213],[165203],[],1,0,0,1
165401,骷髅血毒子弹,1,[1000+0],1000,1000,1,[0+0+0],1,[10000+0+0],2,2,30,0,20,100,1,[165401],[],[404+1],[],[],[],[],1,0,0,0
165402,范围伤害+死亡骷髅,3,[0+0],50,1000,1,[0+0+0],5,[0+0+0],2,2,165402,1,1,100,1,[165402],[165402],[165402+1],[],[],[105],[],1,0,0,0
165403,全屏击飞,3,[0+0],50,1000,1,[0+0+0],5,[0+0+0],2,2,15,1,1,100,1,[165403],[],[],[],[],[105],[],1,0,0,0
165601,冰法冰弹技能1,4,[800+50000],10000,10000,1,[0+0+0],7,[0+0+0],3,2,165601,1,500,100,1,[165601],[165601],[165601+1]*[6+3]*[8+3]*[1101+1]*[165602+1],[1101],[],[],[1102],1,0,0,0
165602,暴风雪0,3,[0+0],650,1400,1,[0+0+0],2,[0+10+0],3,2,165602,550,500,100,1,[165602],[165602],[165601+1]*[6+3]*[8+3]*[165602+1],[1103],[1104],[],[],1,0,0,2
165603,暴风雪1,3,[0+0],650,1400,1,[0+0+0],2,[-100+10+100],3,2,165602,550,500,100,1,[165602],[165602],[165601+1]*[6+3]*[8+3]*[165602+1],[1103],[1105],[],[],1,0,0,2
165604,暴风雪2,3,[0+0],650,1400,1,[0+0+0],2,[-200+110+100],3,2,165602,550,500,100,1,[165602],[165602],[165601+1]*[6+3]*[8+3]*[165602+1],[1103],[1106],[],[],1,0,0,2
165605,暴风雪4,3,[0+0],650,1400,1,[0+0+0],2,[-100+-50+100],3,2,165602,550,500,100,1,[165602],[165602],[165601+1]*[6+3]*[8+3]*[165602+1],[1103],[1104],[],[],1,0,0,2
165606,暴风雪5,3,[0+0],650,1400,1,[0+0+0],2,[120+-50+100],3,2,165602,550,500,100,1,[165602],[165602],[165601+1]*[6+3]*[8+3]*[165602+1],[1103],[1107],[],[],1,0,0,2
165607,暴风雪3,3,[0+0],650,1400,1,[0+0+0],2,[100+70+100],3,2,165602,550,500,100,1,[165602],[165602],[165601+1]*[6+3]*[8+3]*[165602+1],[1103],[1107],[],[],1,0,0,2
165612,暴风雪0,3,[0+0],650,1400,1,[0+0+0],2,[500+10+100],3,2,165602,550,500,100,1,[165602],[165602],[165601+1]*[6+3]*[8+3]*[165602+1],[1103],[1104],[],[],1,0,0,2
165613,暴风雪1,3,[0+0],650,1400,1,[0+0+0],2,[400+70+100],3,2,165602,550,500,100,1,[165602],[165602],[165601+1]*[6+3]*[8+3]*[165602+1],[1103],[1105],[],[],1,0,0,2
165614,暴风雪2,3,[0+0],650,1400,1,[0+0+0],2,[270+10+100],3,2,165602,550,500,100,1,[165602],[165602],[165601+1]*[6+3]*[8+3]*[165602+1],[1103],[1106],[],[],1,0,0,2
165615,暴风雪4,3,[0+0],650,1400,1,[0+0+0],2,[400+-50+100],3,2,165602,550,500,100,1,[165602],[165602],[165601+1]*[6+3]*[8+3]*[165602+1],[1103],[1104],[],[],1,0,0,2
165616,暴风雪5,3,[0+0],650,1400,1,[0+0+0],2,[620+-50+100],3,2,165602,550,500,100,1,[165602],[165602],[165601+1]*[6+3]*[8+3]*[165602+1],[1103],[1107],[],[],1,0,0,2
165617,暴风雪3,3,[0+0],650,1400,1,[0+0+0],2,[600+70+100],3,2,165602,550,500,100,1,[165602],[165602],[165601+1]*[6+3]*[8+3]*[165602+1],[1103],[1107],[],[],1,0,0,2
165622,暴风雪0,3,[0+0],650,1400,1,[0+0+0],2,[1000+10+100],3,2,165602,550,500,100,1,[165602],[165602],[165601+1]*[6+3]*[8+3]*[165602+1],[1103],[1104],[],[],1,0,0,2
165623,暴风雪1,3,[0+0],650,1400,1,[0+0+0],2,[900+70+100],3,2,165602,550,500,100,1,[165602],[165602],[165601+1]*[6+3]*[8+3]*[165602+1],[1103],[1105],[],[],1,0,0,2
165624,暴风雪2,3,[0+0],650,1400,1,[0+0+0],2,[770+10+100],3,2,165602,550,500,100,1,[165602],[165602],[165601+1]*[6+3]*[8+3]*[165602+1],[1103],[1106],[],[],1,0,0,2
165625,暴风雪4,3,[0+0],650,1400,1,[0+0+0],2,[900+-50+100],3,2,165602,550,500,100,1,[165602],[165602],[165601+1]*[6+3]*[8+3]*[165602+1],[1103],[1104],[],[],1,0,0,2
165626,暴风雪5,3,[0+0],650,1400,1,[0+0+0],2,[1120+-50+100],3,2,165602,550,500,100,1,[165602],[165602],[165601+1]*[6+3]*[8+3]*[165602+1],[1103],[1107],[],[],1,0,0,2
165627,暴风雪3,3,[0+0],650,1400,1,[0+0+0],2,[1100+70+100],3,2,165602,550,500,100,1,[165602],[165602],[165601+1]*[6+3]*[8+3]*[165602+1],[1103],[1107],[],[],1,0,0,2
165632,暴风雪0,3,[0+0],650,1400,1,[0+0+0],2,[1500+10+100],3,2,165602,550,500,100,1,[165602],[165602],[165601+1]*[6+3]*[8+3]*[165602+1],[1103],[1104],[],[],1,0,0,2
165633,暴风雪1,3,[0+0],650,1400,1,[0+0+0],2,[1400+70+100],3,2,165602,550,500,100,1,[165602],[165602],[165601+1]*[6+3]*[8+3]*[165602+1],[1103],[1105],[],[],1,0,0,2
165634,暴风雪2,3,[0+0],650,1400,1,[0+0+0],2,[1270+10+100],3,2,165602,550,500,100,1,[165602],[165602],[165601+1]*[6+3]*[8+3]*[165602+1],[1103],[1106],[],[],1,0,0,2
165635,暴风雪4,3,[0+0],650,1400,1,[0+0+0],2,[1400+-50+100],3,2,165602,550,500,100,1,[165602],[165602],[165601+1]*[6+3]*[8+3]*[165602+1],[1103],[1104],[],[],1,0,0,2
165636,暴风雪5,3,[0+0],650,1400,1,[0+0+0],2,[1620+-50+100],3,2,165602,550,500,100,1,[165602],[165602],[165601+1]*[6+3]*[8+3]*[165602+1],[1103],[1107],[],[],1,0,0,2
165637,暴风雪3,3,[0+0],650,1400,1,[0+0+0],2,[1600+70+100],3,2,165602,550,500,100,1,[165602],[165602],[165601+1]*[6+3]*[8+3]*[165602+1],[1103],[1107],[],[],1,0,0,2
165642,暴风雪0,3,[0+0],650,1400,1,[0+0+0],2,[2000+10+100],3,2,165602,550,500,100,1,[165602],[165602],[165601+1]*[6+3]*[8+3]*[165602+1],[1103],[1104],[],[],1,0,0,2
165643,暴风雪1,3,[0+0],650,1400,1,[0+0+0],2,[1900+70+100],3,2,165602,550,500,100,1,[165602],[165602],[165601+1]*[6+3]*[8+3]*[165602+1],[1103],[1105],[],[],1,0,0,2
165644,暴风雪2,3,[0+0],650,1400,1,[0+0+0],2,[1700+10+100],3,2,165602,550,500,100,1,[165602],[165602],[165601+1]*[6+3]*[8+3]*[165602+1],[1103],[1106],[],[],1,0,0,2
165645,暴风雪4,3,[0+0],650,1400,1,[0+0+0],2,[1900+-50+100],3,2,165602,550,500,100,1,[165602],[165602],[165601+1]*[6+3]*[8+3]*[165602+1],[1103],[1104],[],[],1,0,0,2
165646,暴风雪5,3,[0+0],650,1400,1,[0+0+0],2,[2120+-50+100],3,2,165602,550,500,100,1,[165602],[165602],[165601+1]*[6+3]*[8+3]*[165602+1],[1103],[1107],[],[],1,0,0,2
165647,暴风雪3,3,[0+0],650,1400,1,[0+0+0],2,[2100+70+100],3,2,165602,550,500,100,1,[165602],[165602],[165601+1]*[6+3]*[8+3]*[165602+1],[1103],[1107],[],[],1,0,0,2
165801,攻击1-1,3,[0+0],50,1000,1,[0+0+0],5,[0+0+0],2,2,165801,1,1,100,1,[165801],[165801],[],[],[],[],[],1,0,0,0
165802,攻击1-2,3,[0+0],50,1000,1,[0+0+0],5,[0+0+0],2,2,165801,1,1,100,1,[165801],[165801],[],[],[],[],[],1,0,0,0
165803,攻击2,3,[0+0],50,1000,1,[0+0+0],5,[0+0+0],2,2,165801,1,1,100,1,[165803],[165803],[],[],[],[],[],1,0,0,0
165804,释放冥斩,4,[600+10000],5000,5000,1,[0+0+0],1,[400+-10+0],2,2,165802,1,1000,5,1,[165804],[165804],[165402+1],[],[],[],[1509],1,0,0,0
165901,范围伤害+死亡骷髅,3,[0+0],50,1000,1,[0+0+0],5,[200+0+0],2,2,165402,1,1,100,1,[165402],[165402],[165402+1],[],[],[105],[],1,0,0,0
165902,范围伤害+死亡骷髅,3,[0+0],50,1000,1,[0+0+0],5,[500+0+0],2,2,165402,1,1,100,1,[165402],[165402],[165402+1],[],[],[105],[],1,0,0,0
165903,范围伤害+死亡骷髅,3,[0+0],50,1000,1,[0+0+0],5,[900+0+0],2,2,165402,1,1,100,1,[165402],[165402],[165402+1],[],[],[105],[],1,0,0,0
165904,范围伤害+死亡骷髅,3,[0+0],50,1000,1,[0+0+0],5,[1200+0+0],2,2,165402,1,1,100,1,[165402],[165402],[165402+1],[],[],[105],[],1,0,0,0
165905,范围伤害+死亡骷髅,3,[0+0],50,1000,1,[0+0+0],5,[1600+0+0],2,2,165402,1,1,100,1,[165402],[165402],[165402+1],[],[],[105],[],1,0,0,0
165906,全屏击飞,3,[0+0],50,1000,1,[0+0+0],5,[0+0+0],2,2,15,1,1,100,1,[165403],[],[],[],[],[105],[],1,0,0,0
165907,全屏击飞,3,[0+0],50,1000,1,[0+0+0],5,[0+0+0],2,2,15,1,1,100,1,[165403],[],[],[],[],[105],[],1,0,0,0
165908,全屏击飞,3,[0+0],50,1000,1,[0+0+0],5,[0+0+0],2,2,15,1,1,100,1,[165403],[],[],[],[],[105],[],1,0,0,0
165909,全屏击飞,3,[0+0],50,1000,1,[0+0+0],5,[0+0+0],2,2,15,1,1,100,1,[165403],[],[],[],[],[105],[],1,0,0,0
165910,全屏击飞,3,[0+0],50,1000,1,[0+0+0],5,[0+0+0],2,2,15,1,1,100,1,[165403],[],[],[],[],[105],[],1,0,0,0
170001,精灵之光,3,[0+0],4000,4000,1,[0+0+0],4,[0+0+0],2,2,1301,1,500,300,9,[170001],[],[],[1301],[],[1302],[],1,0,0,5
170101,圣光领域对敌子弹,3,[800+0],1500,9200,1,[0+0+0],4,[0+0+0],2,2,170101,600,500,400,10,[],[],[170105+1],[],[1601],[],[],1,0,0,0
170102,圣光领域对友子弹,3,[800+0],1500,9200,1,[0+0+0],4,[0+0+0],2,2,170102,600,500,400,10,[],[],[170106+1],[],[],[],[],1,0,0,0
170103,圣光大宝剑,3,[800+0],1000,1000,1,[0+0+0],4,[0+0+0],2,2,170103,1,500,5,1,[170103],[],[],[1602],[1605],[],[],1,0,0,0
170104,圣光审判子弹1,4,[600+10000],10000,10000,1,[-60+30+50],7,[0+0+0],3,2,170104,1,500,5,1,[170104],[170174],[170104+1],[1603],[],[],[1604],1,0,0,0
170105,圣光审判子弹2,4,[600+10000],10000,10000,1,[-60+60+50],7,[0+0+0],3,2,170104,1,500,5,1,[170104],[170174],[170104+1],[1603],[],[],[1604],1,0,0,0
170106,圣光审判子弹3,4,[600+10000],10000,10000,1,[-60+90+50],7,[0+0+0],3,2,170104,1,500,5,1,[170104],[170174],[170104+1],[1603],[],[],[1604],1,0,0,0
170203,刺客3技能子弹表现,4,[1000+50000],10000,10000,1,[0+-100+0],7,[0+0+0],3,2,170201,1,500,5,1,[],[],[170205+1]*[170206+1],[1202],[],[],[1203],1,0,0,0
170208,刺客少年技能2找目标,4,[2000+50],17000,10000,1,[0+0+0],7,[0+0+0],3,2,170202,1,500,5,1,[],[],[170202+1],[],[],[],[],1,0,0,0
170209,刺客2技能,3,[0+0],650,1400,1,[0+0+0],3,[0+0+0],2,1,1000,550,500,100,1,[],[],[],[],[1220],[],[],1,0,0,0
170301,1技能子弹,4,[600+10000],5000,5000,1,[0+0+0],7,[0+0+0],2,2,170300,1,500,200,1,[170309],[],[],[1403],[],[],[1409],1,0,0,5
170303,1技能子弹不搜索印记,4,[600+10000],5000,5000,1,[0+0+0],7,[0+0+0],2,2,170302,1,500,200,1,[170310],[170380],[],[],[],[],[1409],1,0,0,1
170305,大招子弹1,4,[600+10000],15000,10000,1,[0+0+0],7,[0+0+0],2,2,170309,1,500,200,3,[170321],[],[],[1421],[],[1409],[],1,0,0,5
170306,大招子弹秒杀,4,[600+10000],15000,10000,1,[0+0+0],7,[0+0+0],2,2,170308,1,500,200,1,[170323],[],[],[],[],[1409],[],1,0,0,5
170307,大招子弹2,4,[600+10000],15000,10000,1,[0+0+0],7,[0+0+0],2,2,170309,1,500,200,3,[170322],[],[],[1422],[],[1409],[],1,0,0,5
170308,大招子弹打召唤师,4,[600+10000],15000,10000,1,[0+0+0],7,[0+0+0],2,2,170310,1,500,200,3,[],[170392],[],[],[],[1409],[],1,0,0,5
170401,火法火球技能1,4,[800+50000],10000,10000,1,[10+20+0],7,[0+0+0],3,2,170401,1,500,100,1,[170401],[170471],[170400+1],[1001],[],[],[1002],1,0,0,5
170402,火法技能2火雨1,3,[0+0],600,10000,1,[0+0+0],5,[0+0+0],1,2,170402,0,1,200,1,[170402],[170472],[170401+1],[1009],[1004+1006],[1010],[],1,0,0,1
170403,火法技能2火雨2,3,[0+0],600,10000,1,[0+0+0],5,[-90+60+0],1,2,170402,0,1,200,1,[170402],[170472],[170401+1],[1003],[1004+1005],[1008],[],1,0,0,1
170404,火法技能2火雨3,3,[0+0],600,10000,1,[0+0+0],5,[180+0+0],1,2,170402,0,1,200,1,[170402],[170472],[170401+1],[1009],[1004+1006],[1010],[],1,0,0,1
170405,火法技能2火雨4,3,[0+0],600,10000,1,[0+0+0],5,[-180+0+0],1,2,170402,0,1,200,1,[170402],[170472],[170401+1],[1003],[1004+1006],[1008],[],1,0,0,1
170406,火法技能2火雨5,3,[0+0],600,10000,1,[0+0+0],5,[-90+-60+0],1,2,170402,0,1,200,1,[170402],[170472],[170401+1],[1009],[1004+1007],[1010],[],1,0,0,5
170407,火法技能2火雨6,3,[0+0],600,10000,1,[0+0+0],5,[90+-70+0],1,2,170402,0,1,200,1,[170402],[170472],[170401+1],[1003],[1004+1007],[1008],[],1,0,0,5
170408,火法技能2火雨7,3,[0+0],600,10000,1,[0+0+0],5,[90+60+0],1,2,170402,0,1,200,1,[170402],[170472],[170401+1],[1009],[1004+1006],[1010],[],1,0,0,1
170409,火法技能2火雨残炎,3,[0+0],0,8000,1,[0+0+0],5,[0+0+0],1,2,170403,1,100,200,1,[],[],[170401+1],[],[],[],[],1,0,0,5
170420,火法火龙喷火,4,[650+50000],17000,10000,1,[0+0+0],7,[0+0+0],2,2,170403,1,500,200,1,[170403],[170473],[170402+1],[],[],[],[],1,0,0,0
170421,火法火龙残焰1,3,[0+0],0,5000,1,[0+0+0],1,[300+-80+100],1,1,100,1,0,0,1,[],[],[],[],[1006],[],[],1,0,0,5
170422,火法火龙残焰11,3,[0+0],0,5000,1,[0+0+0],1,[400+0+100],1,2,170403,1,100,200,1,[],[],[170402+1],[],[1005],[],[],1,0,0,1
170423,火法火龙残焰11,3,[0+0],0,5000,1,[0+0+0],1,[400+-160+100],1,1,100,1,0,0,1,[],[],[],[],[1007],[],[],1,0,0,1
170501,冰法冰弹技能1,4,[800+50000],10000,10000,1,[0+30+0],7,[0+0+0],3,2,170501,1,500,100,1,[170501],[170571],[22+1]*[6+3]*[8+3]*[170501+1],[1101],[],[],[1102],1,0,0,0
170502,暴风雪0,3,[0+0],650,1400,1,[0+0+0],2,[0+10+0],3,2,170503,550,500,100,1,[170503],[170573],[22+1]*[6+3]*[8+3],[1103],[1104],[],[],1,0,0,2
170503,暴风雪1,3,[0+0],650,1400,1,[0+0+0],2,[-100+10+100],3,2,170503,550,500,100,1,[170503],[170573],[22+1]*[6+3]*[8+3],[1103],[1105],[],[],1,0,0,2
170504,暴风雪2,3,[0+0],650,1400,1,[0+0+0],2,[-200+110+100],3,2,170503,550,500,100,1,[170503],[170573],[22+1]*[6+3]*[8+3],[1103],[1106],[],[],1,0,0,2
170505,暴风雪4,3,[0+0],650,1400,1,[0+0+0],2,[-100+-50+100],3,2,170503,550,500,100,1,[170503],[170573],[22+1]*[6+3]*[8+3],[1103],[1104],[],[],1,0,0,2
170506,暴风雪5,3,[0+0],650,1400,1,[0+0+0],2,[120+-50+100],3,2,170503,550,500,100,1,[170503],[170573],[22+1]*[6+3]*[8+3],[1103],[1107],[],[],1,0,0,2
170507,暴风雪3,3,[0+0],650,1400,1,[0+0+0],2,[100+70+100],3,2,170503,550,500,100,1,[170503],[170573],[22+1]*[6+3]*[8+3],[1103],[1107],[],[],1,0,0,2
170512,暴风雪0,3,[0+0],650,1400,1,[0+0+0],2,[500+10+100],3,2,170503,550,500,100,1,[170503],[170573],[22+1]*[6+3]*[8+3],[1103],[1104],[],[],1,0,0,2
170513,暴风雪1,3,[0+0],650,1400,1,[0+0+0],2,[400+70+100],3,2,170503,550,500,100,1,[170503],[170573],[22+1]*[6+3]*[8+3],[1103],[1105],[],[],1,0,0,2
170514,暴风雪2,3,[0+0],650,1400,1,[0+0+0],2,[270+10+100],3,2,170503,550,500,100,1,[170503],[170573],[22+1]*[6+3]*[8+3],[1103],[1106],[],[],1,0,0,2
170515,暴风雪4,3,[0+0],650,1400,1,[0+0+0],2,[400+-50+100],3,2,170503,550,500,100,1,[170503],[170573],[22+1]*[6+3]*[8+3],[1103],[1104],[],[],1,0,0,2
170516,暴风雪5,3,[0+0],650,1400,1,[0+0+0],2,[620+-50+100],3,2,170503,550,500,100,1,[170503],[170573],[22+1]*[6+3]*[8+3],[1103],[1107],[],[],1,0,0,2
170517,暴风雪3,3,[0+0],650,1400,1,[0+0+0],2,[600+70+100],3,2,170503,550,500,100,1,[170503],[170573],[22+1]*[6+3]*[8+3],[1103],[1107],[],[],1,0,0,2
170522,暴风雪0,3,[0+0],650,1400,1,[0+0+0],2,[1000+10+100],3,2,170503,550,500,100,1,[170503],[170573],[22+1]*[6+3]*[8+3],[1103],[1104],[],[],1,0,0,2
170523,暴风雪1,3,[0+0],650,1400,1,[0+0+0],2,[900+70+100],3,2,170503,550,500,100,1,[170503],[170573],[22+1]*[6+3]*[8+3],[1103],[1105],[],[],1,0,0,2
170524,暴风雪2,3,[0+0],650,1400,1,[0+0+0],2,[770+10+100],3,2,170503,550,500,100,1,[170503],[170573],[22+1]*[6+3]*[8+3],[1103],[1106],[],[],1,0,0,2
170525,暴风雪4,3,[0+0],650,1400,1,[0+0+0],2,[900+-50+100],3,2,170503,550,500,100,1,[170503],[170573],[22+1]*[6+3]*[8+3],[1103],[1104],[],[],1,0,0,2
170526,暴风雪5,3,[0+0],650,1400,1,[0+0+0],2,[1120+-50+100],3,2,170503,550,500,100,1,[170503],[170573],[22+1]*[6+3]*[8+3],[1103],[1107],[],[],1,0,0,2
170527,暴风雪3,3,[0+0],650,1400,1,[0+0+0],2,[1100+70+100],3,2,170503,550,500,100,1,[170503],[170573],[22+1]*[6+3]*[8+3],[1103],[1107],[],[],1,0,0,2
170532,暴风雪0,3,[0+0],650,1400,1,[0+0+0],2,[1500+10+100],3,2,170503,550,500,100,1,[170503],[170573],[22+1]*[6+3]*[8+3],[1103],[1104],[],[],1,0,0,2
170533,暴风雪1,3,[0+0],650,1400,1,[0+0+0],2,[1400+70+100],3,2,170503,550,500,100,1,[170503],[170573],[22+1]*[6+3]*[8+3],[1103],[1105],[],[],1,0,0,2
170534,暴风雪2,3,[0+0],650,1400,1,[0+0+0],2,[1270+10+100],3,2,170503,550,500,100,1,[170503],[170573],[22+1]*[6+3]*[8+3],[1103],[1106],[],[],1,0,0,2
170535,暴风雪4,3,[0+0],650,1400,1,[0+0+0],2,[1400+-50+100],3,2,170503,550,500,100,1,[170503],[170573],[22+1]*[6+3]*[8+3],[1103],[1104],[],[],1,0,0,2
170536,暴风雪5,3,[0+0],650,1400,1,[0+0+0],2,[1620+-50+100],3,2,170503,550,500,100,1,[170503],[170573],[22+1]*[6+3]*[8+3],[1103],[1107],[],[],1,0,0,2
170537,暴风雪3,3,[0+0],650,1400,1,[0+0+0],2,[1600+70+100],3,2,170503,550,500,100,1,[170503],[170573],[22+1]*[6+3]*[8+3],[1103],[1107],[],[],1,0,0,2
170542,暴风雪0,3,[0+0],650,1400,1,[0+0+0],2,[2000+10+100],3,2,170503,550,500,100,1,[170503],[170573],[22+1]*[6+3]*[8+3],[1103],[1104],[],[],1,0,0,2
170543,暴风雪1,3,[0+0],650,1400,1,[0+0+0],2,[1900+70+100],3,2,170503,550,500,100,1,[170503],[170573],[22+1]*[6+3]*[8+3],[1103],[1105],[],[],1,0,0,2
170544,暴风雪2,3,[0+0],650,1400,1,[0+0+0],2,[1700+10+100],3,2,170503,550,500,100,1,[170503],[170573],[22+1]*[6+3]*[8+3],[1103],[1106],[],[],1,0,0,2
170545,暴风雪4,3,[0+0],650,1400,1,[0+0+0],2,[1900+-50+100],3,2,170503,550,500,100,1,[170503],[170573],[22+1]*[6+3]*[8+3],[1103],[1104],[],[],1,0,0,2
170546,暴风雪5,3,[0+0],650,1400,1,[0+0+0],2,[2120+-50+100],3,2,170503,550,500,100,1,[170503],[170573],[22+1]*[6+3]*[8+3],[1103],[1107],[],[],1,0,0,2
170547,暴风雪3,3,[0+0],650,1400,1,[0+0+0],2,[2100+70+100],3,2,170503,550,500,100,1,[170503],[170573],[22+1]*[6+3]*[8+3],[1103],[1107],[],[],1,0,0,2
170601,莱奥普攻斩击子弹,3,[0+0],50,200,1,[0+0+0],3,[0+0+0],1,1,300,0,1,0,1,[1501],[1501],[],[],[],[],[1508],1,0,0,0
170602,气流斩子弹1斜向,4,[600+10000],5000,5000,1,[0+0+0],1,[400+0+0],3,2,1503,1,1000,5,1,[1502],[1572],[],[1501],[],[],[1509],1,0,0,0
170603,气流斩子弹2横向,4,[600+10000],5000,5000,1,[0+0+0],1,[400+0+0],3,2,1503,1,1000,5,1,[1502],[1572],[],[1502],[],[],[1509],1,0,0,0
170604,气流斩子弹3正向,4,[600+10000],5000,5000,1,[0+0+0],1,[400+0+0],3,2,1503,1,1000,5,1,[1502],[1572],[],[1503],[],[],[1509],1,0,0,0
170605,气流斩终结子弹,4,[600+10000],5000,5000,1,[0+0+0],1,[400+-10+0],2,2,1503,1,1000,5,1,[1503],[1573],[],[1504],[],[],[1509],1,0,0,0
170606,气流斩空子弹,4,[600+10000],5000,5000,1,[0+0+0],1,[400+-10+0],0,0,0,0,0,0,0,[],[],[],[],[],[],[],1,0,0,0
170607,觉醒气流斩子弹1斜向,4,[600+10000],5000,5000,1,[0+0+0],1,[400+-10+0],3,2,1503,1,1000,5,1,[1502],[1572],[],[1506],[],[],[1509],1,0,0,0
170608,觉醒气流斩子弹3正向,4,[600+10000],5000,5000,1,[0+0+0],1,[400+-10+0],3,2,1503,1,1000,5,1,[1502],[1572],[],[1507],[],[],[1509],1,0,0,0
170609,莱奥普攻划刀提刀子弹1,3,[0+0],50,200,1,[0+0+0],3,[0+0+0],1,1,300,0,1,0,1,[1505],[1505],[],[],[],[],[1508],1,0,0,0
170610,莱奥普攻蓄力斩击子弹,3,[0+0],50,200,1,[0+0+0],3,[0+0+0],1,1,300,0,1,0,1,[1506],[1506],[],[],[],[],[1508],1,0,0,0
170611,莱奥普攻划刀提刀子弹2,3,[0+0],50,200,1,[0+0+0],3,[0+0+0],1,1,300,0,1,0,1,[1509],[1509],[],[],[],[],[1508],1,0,0,0
170612,莱奥普攻划刀提刀子弹4,3,[0+0],50,200,1,[0+0+0],3,[0+0+0],1,1,300,0,1,0,1,[1510],[1510],[],[],[],[],[1508],1,0,0,0
170613,莱奥普攻斩击子弹5,3,[0+0],50,200,1,[0+0+0],3,[0+0+0],1,1,300,0,1,0,1,[1511],[1511],[],[],[],[],[1508],1,0,0,0
170614,吹笛加速子弹,3,[0+0],50,200,1,[0+0+0],3,[0+0+0],2,2,26,0,999,0,1,[],[],[170604+1]*[170605+1],[],[],[],[],1,0,0,0
180001,精灵之光,3,[0+0],4000,4000,1,[0+0+0],4,[0+0+0],2,2,1301,1,500,300,9,[180001],[180002],[],[1301],[],[1302],[],1,0,0,5
180302,气流斩子弹1斜向,4,[600+10000],5000,5000,1,[0+0+0],1,[400+0+0],3,2,1503,1,1000,5,1,[1502],[1572],[],[1501],[],[],[1509],1,0,0,0
180303,气流斩子弹2横向,4,[600+10000],5000,5000,1,[0+0+0],1,[400+0+0],3,2,1503,1,1000,5,1,[1502],[1572],[],[1502],[],[],[1509],1,0,0,0
180304,气流斩子弹3正向,4,[600+10000],5000,5000,1,[0+0+0],1,[400+0+0],3,2,1503,1,1000,5,1,[1502],[1572],[],[1503],[],[],[1509],1,0,0,0
180305,气流斩终结子弹,4,[600+10000],5000,5000,1,[0+0+0],1,[400+-10+0],2,2,1503,1,1000,5,1,[1503],[1573],[],[1504],[],[],[1509],1,0,0,0
180306,气流斩空子弹,4,[600+10000],5000,5000,1,[0+0+0],1,[400+-10+0],0,0,0,0,0,0,0,[],[],[],[],[],[],[],1,0,0,0
180601,冰弹,4,[800+50000],10000,10000,1,[0+0+0],7,[0+0+0],3,2,1101,1,500,100,1,[1101],[1171],[22+1]*[6+3]*[8+3]*[1101+1],[1101],[],[],[1102],1,0,0,0
181201,圣光大宝剑,3,[800+0],1000,1000,1,[0+0+0],4,[0+0+0],2,2,1603,1,500,5,1,[1603],[],[],[1602],[1605],[],[],1,0,0,0
240106,毒雾-持续存在,3,[0+0],5000,300000,1,[0+0+0],2,[0+0+0],2,2,40101,1,10000,1000,10000,[40102],[40102],[],[40102],[40102],[],[],1,0,0,5
